Point in Time[s],Energy Consumption[kWh]
9.999999999999998,2.746083333333332E-4
19.999999999999996,7.322888888888884E-4
29.999999999999993,8.238249999999994E-4
39.99999999999999,0.0012815055555555545
49.99999999999999,0.0013730416666666656
59.99999999999999,0.0018307222222222208
69.99999999999999,0.001922258333333332
79.99999999999999,0.002379938888888887
89.99999999999999,0.002471474999999998
99.99999999999999,0.002929155555555553
109.99999999999999,0.0030206916666666644
119.99999999999999,0.0034783722222222193
129.99999999999997,0.0035699083333333302
139.99999999999997,0.004027588888888885
149.99999999999997,0.004119124999999996
159.99999999999997,0.00457680555555555
169.99999999999997,0.0046683416666666614
179.99999999999997,0.0051260222222222155
189.99999999999997,0.005217558333333327
199.99999999999997,0.005675238888888882
209.99999999999997,0.005766774999999993
219.99999999999997,0.006224455555555548
229.99999999999997,0.006315991666666659
239.99999999999997,0.006773672222222213
249.99999999999997,0.006865208333333325
259.99999999999994,0.007322888888888879
269.99999999999994,0.00741442499999999
279.99999999999994,0.007872105555555543
289.99999999999994,0.007963641666666656
299.99999999999994,0.008421322222222211
309.99999999999994,0.008512858333333321
319.99999999999994,0.008970538888888876
329.99999999999994,0.009062074999999985
339.99999999999994,0.00951975555555554
349.99999999999994,0.009611291666666652
359.99999999999994,0.010068972222222207
369.99999999999994,0.010160508333333318
379.99999999999994,0.010618188888888873
389.99999999999994,0.010709724999999982
399.99999999999994,0.011167405555555537
409.99999999999994,0.011258941666666647
419.99999999999994,0.011716622222222202
429.99999999999994,0.011808158333333313
439.99999999999994,0.012265838888888868
449.99999999999994,0.01235737499999998
459.99999999999994,0.012815055555555534
469.99999999999994,0.012906591666666644
479.99999999999994,0.013364272222222199
489.99999999999994,0.013455808333333309
499.99999999999994,0.013913488888888863
509.99999999999994,0.014005024999999975
519.9999999999999,0.01446270555555553
529.9999999999999,0.014554241666666641
539.9999999999999,0.015011922222222194
549.9999999999999,0.015103458333333306
559.9999999999999,0.01556113888888886
569.9999999999999,0.01565267499999997
579.9999999999999,0.016110355555555525
589.9999999999999,0.016201891666666635
599.9999999999999,0.01665957222222219
609.9999999999999,0.0167511083333333
619.9999999999999,0.017208788888888854
629.9999999999999,0.017300324999999964
639.9999999999999,0.01775800555555552
649.9999999999999,0.017849541666666628
659.9999999999999,0.018307222222222183
669.9999999999999,0.018398758333333293
679.9999999999999,0.018856438888888848
689.9999999999999,0.018947974999999957
699.9999999999999,0.019405655555555512
709.9999999999999,0.01949719166666662
719.9999999999999,0.019954872222222177
729.9999999999999,0.020046408333333286
739.9999999999999,0.02050408888888884
749.9999999999999,0.02059562499999995
759.9999999999999,0.021053305555555506
769.9999999999999,0.021144841666666615
779.9999999999999,0.02160252222222217
789.9999999999999,0.02169405833333328
799.9999999999999,0.022151738888888835
809.9999999999999,0.022243274999999944
819.9999999999999,0.0227009555555555
829.9999999999999,0.02279249166666661
839.9999999999999,0.023250172222222164
849.9999999999999,0.023341708333333273
859.9999999999999,0.02379938888888883
869.9999999999999,0.023890924999999938
879.9999999999999,0.024348605555555493
889.9999999999999,0.024440141666666602
899.9999999999999,0.024897822222222157
909.9999999999999,0.024989358333333267
919.9999999999999,0.025447038888888822
929.9999999999999,0.02553857499999993
939.9999999999999,0.025996255555555483
949.9999999999999,0.026087791666666596
959.9999999999999,0.02654547222222215
969.9999999999999,0.02663700833333326
979.9999999999999,0.027094688888888812
989.9999999999999,0.027186224999999925
999.9999999999999,0.02764390555555548
1009.9999999999999,0.02773544166666659
1019.9999999999999,0.02819312222222214
1029.9999999999998,0.028284658333333254
1039.9999999999998,0.02874233888888881
1049.9999999999998,0.02883387499999992
1059.9999999999998,0.02929155555555547
1069.9999999999998,0.029383091666666583
1079.9999999999998,0.029840772222222138
1089.9999999999998,0.029932308333333248
1099.9999999999998,0.0303899888888888
1109.9999999999998,0.030481524999999912
1119.9999999999998,0.030939205555555467
1129.9999999999998,0.031030741666666577
1139.9999999999998,0.03148842222222213
1149.9999999999998,0.03157995833333324
1159.9999999999998,0.03203763888888879
1169.9999999999998,0.0321291749999999
1179.9999999999998,0.032586855555555454
1189.9999999999998,0.03267839166666656
1199.9999999999998,0.03313607222222212
1209.9999999999998,0.03322760833333323
1219.9999999999998,0.033685288888888776
1229.9999999999998,0.033776824999999885
1239.9999999999998,0.03423450555555544
1249.9999999999998,0.03432604166666655
1259.9999999999998,0.034783722222222105
1269.9999999999998,0.034875258333333214
1279.9999999999998,0.03533293888888876
1289.9999999999998,0.03542447499999988
1299.9999999999998,0.035882155555555434
1309.9999999999998,0.035973691666666543
1319.9999999999998,0.03643137222222209
1329.9999999999998,0.0365229083333332
1339.9999999999998,0.03698058888888875
1349.9999999999998,0.037072124999999866
1359.9999999999998,0.03752980555555542
1369.9999999999998,0.03762134166666653
1379.9999999999998,0.03807902222222208
1389.9999999999998,0.03817055833333319
1399.9999999999998,0.03862823888888874
1409.9999999999998,0.03871977499999985
1419.9999999999998,0.03917745555555541
1429.9999999999998,0.03926899166666652
1439.9999999999998,0.039726672222222065
1449.9999999999998,0.03981820833333318
1459.9999999999998,0.040275888888888736
1469.9999999999998,0.040367424999999846
1479.9999999999998,0.040825105555555394
1489.9999999999998,0.0409166416666665
1499.9999999999998,0.04137432222222205
1509.9999999999998,0.04146585833333316
1519.9999999999998,0.041923538888888716
1529.9999999999998,0.04201507499999983
1539.9999999999998,0.04247275555555538
1549.9999999999998,0.04256429166666649
1559.9999999999998,0.043021972222222045
1569.9999999999998,0.043113508333333155
1579.9999999999998,0.04357118888888871
1589.9999999999998,0.04366272499999982
1599.9999999999998,0.04412040555555537
1609.9999999999998,0.04421194166666648
1619.9999999999998,0.04466962222222203
1629.9999999999998,0.04476115833333315
1639.9999999999998,0.045218838888888696
1649.9999999999998,0.045310374999999806
1659.9999999999998,0.045768055555555354
1669.9999999999998,0.04585959166666646
1679.9999999999998,0.04631727222222202
1689.9999999999998,0.04640880833333313
1699.9999999999998,0.04686648888888868
1709.9999999999998,0.04695802499999979
1719.9999999999998,0.04741570555555535
1729.9999999999998,0.04750724166666646
1739.9999999999998,0.04796492222222201
1749.9999999999998,0.04805645833333312
1759.9999999999998,0.04851413888888867
1769.9999999999998,0.04860567499999978
1779.9999999999998,0.049063355555555334
1789.9999999999998,0.04915489166666644
1799.9999999999998,0.049612572222222
1809.9999999999998,0.04970410833333311
1819.9999999999998,0.050161788888888656
1829.9999999999998,0.050253324999999766
1839.9999999999998,0.05071100555555532
1849.9999999999998,0.05080254166666643
1859.9999999999998,0.051260222222221985
1869.9999999999998,0.051351758333333095
1879.9999999999998,0.05180943888888864
1889.9999999999998,0.05190097499999976
1899.9999999999998,0.052358655555555314
1909.9999999999998,0.052450191666666424
1919.9999999999998,0.05290787222222197
1929.9999999999998,0.05299940833333308
1939.9999999999998,0.05345708888888863
1949.9999999999998,0.053548624999999746
1959.9999999999998,0.0540063055555553
1969.9999999999998,0.05409784166666641
1979.9999999999998,0.05455552222222196
1989.9999999999998,0.05464705833333307
1999.9999999999998,0.05510473888888862
2009.9999999999998,0.05519627499999973
2019.9999999999998,0.05565395555555529
2029.9999999999998,0.0557454916666664
2039.9999999999998,0.056203172222221945
2049.9999999999995,0.056294708333333054
2059.9999999999995,0.05675238888888861
2069.9999999999995,0.056843924999999726
2079.9999999999995,0.057301605555555274
2089.9999999999995,0.057393141666666384
2099.9999999999995,0.05785082222222193
2109.9999999999995,0.05794235833333305
2119.9999999999995,0.0584000388888886
2129.9999999999995,0.05849157499999971
2139.9999999999995,0.05894925555555526
2149.9999999999995,0.05904079166666637
2159.9999999999995,0.05949847222222192
2169.9999999999995,0.059590008333333035
2179.9999999999995,0.06004768888888859
2189.9999999999995,0.0601392249999997
2199.9999999999995,0.06059690555555525
2209.9999999999995,0.06068844166666636
2219.9999999999995,0.06114612222222191
2229.9999999999995,0.06123765833333302
2239.9999999999995,0.061695338888888576
2249.9999999999995,0.061786874999999686
2259.9999999999995,0.062244555555555234
2269.9999999999995,0.06233609166666635
2279.9999999999995,0.0627937722222219
2289.9999999999995,0.062885308333333
2299.9999999999995,0.06334298888888856
2309.9999999999995,0.06343452499999967
2319.9999999999995,0.06389220555555522
2329.9999999999995,0.06398374166666633
2339.9999999999995,0.06444142222222188
2349.9999999999995,0.06453295833333299
2359.9999999999995,0.06499063888888854
2369.9999999999995,0.06508217499999966
2379.9999999999995,0.0655398555555552
2389.9999999999995,0.06563139166666632
2399.9999999999995,0.06608907222222185
2409.9999999999995,0.06618060833333297
2419.9999999999995,0.06663828888888852
2429.9999999999995,0.06672982499999963
2439.9999999999995,0.06718750555555517
2449.9999999999995,0.06727904166666629
2459.9999999999995,0.06773672222222184
2469.9999999999995,0.06782825833333295
2479.9999999999995,0.0682859388888885
2489.9999999999995,0.0683774749999996
2499.9999999999995,0.06883515555555515
2509.9999999999995,0.06892669166666626
2519.9999999999995,0.06938437222222182
2529.9999999999995,0.06947590833333292
2539.9999999999995,0.06993358888888847
2549.9999999999995,0.07002512499999958
2559.9999999999995,0.07048280555555514
2569.9999999999995,0.07057434166666623
2579.9999999999995,0.0710320222222218
2589.9999999999995,0.0711235583333329
2599.9999999999995,0.07158123888888845
2609.9999999999995,0.07167277499999955
2619.9999999999995,0.07213045555555511
2629.9999999999995,0.07222199166666622
2639.9999999999995,0.07267967222222177
2649.9999999999995,0.07277120833333288
2659.9999999999995,0.07322888888888843
2669.9999999999995,0.07332042499999954
2679.9999999999995,0.07377810555555508
2689.9999999999995,0.07386964166666621
2699.9999999999995,0.07432732222222174
2709.9999999999995,0.07441885833333287
2719.9999999999995,0.0748765388888884
2729.9999999999995,0.07496807499999952
2739.9999999999995,0.07542575555555506
2749.9999999999995,0.07551729166666618
2759.9999999999995,0.07597497222222171
2769.9999999999995,0.07606650833333284
2779.9999999999995,0.07652418888888837
2789.9999999999995,0.0766157249999995
2799.9999999999995,0.07707340555555504
2809.9999999999995,0.07716494166666615
2819.9999999999995,0.0776226222222217
2829.9999999999995,0.07771415833333281
2839.9999999999995,0.07817183888888836
2849.9999999999995,0.07826337499999947
2859.9999999999995,0.07872105555555502
2869.9999999999995,0.07881259166666613
2879.9999999999995,0.07927027222222167
2889.9999999999995,0.07936180833333278
2899.9999999999995,0.07981948888888835
2909.9999999999995,0.07991102499999944
2919.9999999999995,0.080368705555555
2929.9999999999995,0.0804602416666661
2939.9999999999995,0.08091792222222166
2949.9999999999995,0.08100945833333276
2959.9999999999995,0.08146713888888832
2969.9999999999995,0.08155867499999943
2979.9999999999995,0.08201635555555498
2989.9999999999995,0.08210789166666609
2999.9999999999995,0.08256557222222163
3009.9999999999995,0.08265710833333274
3019.9999999999995,0.08311478888888829
3029.9999999999995,0.08320632499999941
3039.9999999999995,0.08366400555555495
3049.9999999999995,0.08375554166666606
3059.9999999999995,0.0842132222222216
3069.9999999999995,0.08430475833333273
3079.9999999999995,0.08476243888888826
3089.9999999999995,0.08485397499999939
3099.9999999999995,0.08531165555555492
3109.9999999999995,0.08540319166666605
3119.9999999999995,0.0858608722222216
3129.9999999999995,0.0859524083333327
3139.9999999999995,0.08641008888888824
3149.9999999999995,0.08650162499999936
3159.9999999999995,0.08695930555555491
3169.9999999999995,0.08705084166666602
3179.9999999999995,0.08750852222222155
3189.9999999999995,0.08760005833333268
3199.9999999999995,0.08805773888888822
3209.9999999999995,0.08814927499999933
3219.9999999999995,0.0886069555555549
3229.9999999999995,0.08869849166666599
3239.9999999999995,0.08915617222222154
3249.9999999999995,0.08924770833333265
3259.9999999999995,0.08970538888888821
3269.9999999999995,0.0897969249999993
3279.9999999999995,0.09025460555555487
3289.9999999999995,0.09034614166666598
3299.9999999999995,0.09080382222222153
3309.9999999999995,0.09089535833333262
3319.9999999999995,0.09135303888888818
3329.9999999999995,0.09144457499999929
3339.9999999999995,0.09190225555555484
3349.9999999999995,0.09199379166666595
3359.9999999999995,0.0924514722222215
3369.9999999999995,0.09254300833333261
3379.9999999999995,0.09300068888888816
3389.9999999999995,0.09309222499999928
3399.9999999999995,0.09354990555555481
3409.9999999999995,0.09364144166666592
3419.9999999999995,0.09409912222222147
3429.9999999999995,0.0941906583333326
3439.9999999999995,0.09464833888888813
3449.9999999999995,0.09473987499999925
3459.9999999999995,0.09519755555555479
3469.9999999999995,0.09528909166666591
3479.9999999999995,0.09574677222222144
3489.9999999999995,0.09583830833333257
3499.9999999999995,0.0962959888888881
3509.9999999999995,0.09638752499999922
3519.9999999999995,0.09684520555555477
3529.9999999999995,0.09693674166666588
3539.9999999999995,0.09739442222222143
3549.9999999999995,0.09748595833333254
3559.9999999999995,0.09794363888888809
3569.9999999999995,0.0980351749999992
3579.9999999999995,0.09849285555555475
3589.9999999999995,0.09858439166666585
3599.9999999999995,0.09904207222222142
3609.9999999999995,0.09913360833333251
3619.9999999999995,0.09959128888888807
3629.9999999999995,0.09968282499999917
3639.9999999999995,0.10014050555555473
3649.9999999999995,0.10023204166666583
3659.9999999999995,0.10068972222222139
3669.9999999999995,0.1007812583333325
3679.9999999999995,0.10123893888888805
3689.9999999999995,0.10133047499999916
3699.9999999999995,0.1017881555555547
3709.9999999999995,0.10187969166666581
3719.9999999999995,0.10233737222222136
3729.9999999999995,0.10242890833333247
3739.9999999999995,0.10288658888888802
3749.9999999999995,0.10297812499999913
3759.9999999999995,0.10343580555555468
3769.9999999999995,0.1035273416666658
3779.9999999999995,0.10398502222222133
3789.9999999999995,0.10407655833333246
3799.9999999999995,0.10453423888888799
3809.9999999999995,0.10462577499999912
3819.9999999999995,0.10508345555555465
3829.9999999999995,0.10517499166666577
3839.9999999999995,0.10563267222222131
3849.9999999999995,0.10572420833333243
3859.9999999999995,0.10618188888888798
3869.9999999999995,0.10627342499999909
3879.9999999999995,0.10673110555555462
3889.9999999999995,0.10682264166666575
3899.9999999999995,0.1072803222222213
3909.9999999999995,0.1073718583333324
3919.9999999999995,0.10782953888888797
3929.9999999999995,0.10792107499999906
3939.9999999999995,0.10837875555555461
3949.9999999999995,0.10847029166666572
3959.9999999999995,0.10892797222222128
3969.9999999999995,0.10901950833333238
3979.9999999999995,0.10947718888888792
3989.9999999999995,0.10956872499999905
3999.9999999999995,0.1100264055555546
4009.9999999999995,0.11011794166666569
4019.9999999999995,0.11057562222222125
4029.9999999999995,0.11066715833333236
4039.9999999999995,0.11112483888888791
4049.9999999999995,0.11121637499999901
4059.9999999999995,0.11167405555555457
4069.9999999999995,0.11176559166666568
4079.9999999999995,0.11222327222222123
4089.9999999999995,0.11231480833333235
4099.999999999999,0.11277248888888788
4109.999999999999,0.112864024999999
4119.999999999999,0.11332170555555454
4129.999999999999,0.11341324166666567
4139.999999999999,0.1138709222222212
4149.999999999999,0.11396245833333232
4159.999999999999,0.11442013888888786
4169.999999999999,0.11451167499999898
4179.999999999999,0.11496935555555451
4189.999999999999,0.11506089166666564
4199.999999999999,0.11551857222222117
4209.999999999999,0.1156101083333323
4219.999999999999,0.11606778888888784
4229.999999999999,0.11615932499999895
4239.999999999999,0.1166170055555545
4249.999999999999,0.11670854166666561
4259.999999999999,0.11716622222222116
4269.999999999999,0.11725775833333227
4279.999999999999,0.11771543888888782
4289.999999999999,0.11780697499999893
4299.999999999999,0.11826465555555447
4309.999999999999,0.11835619166666558
4319.999999999999,0.11881387222222115
4329.999999999999,0.11890540833333224
4339.999999999999,0.1193630888888878
4349.999999999999,0.1194546249999989
4359.999999999999,0.11991230555555446
4369.999999999999,0.12000384166666556
4379.999999999999,0.12046152222222112
4389.999999999999,0.12055305833333223
4399.999999999999,0.12101073888888778
4409.999999999999,0.12110227499999889
4419.999999999999,0.12155995555555443
4429.999999999999,0.12165149166666554
4439.999999999999,0.12210917222222109
4449.999999999999,0.1222007083333322
4459.999999999999,0.12265838888888775
4469.999999999999,0.12275503566614808
4479.999999999999,0.12325844792358422
4489.999999999999,0.12346057988807607
4499.999999999999,0.1239868512575047
4509.999999999999,0.12419197967129275
4519.999999999999,0.12472335851107119
4529.999999999999,0.12493101314671015
4539.999999999999,0.12546164537535864
4549.999999999999,0.12566811443757764
4559.999999999999,0.12619834647266975
4569.999999999999,0.126404875563921
4579.999999999999,0.12693577041959003
4589.999999999999,0.12714360013992548
4599.999999999999,0.12767542044322822
4609.999999999999,0.12788261610687562
4619.999999999999,0.12841163880704315
4629.999999999999,0.12860804925418265
4639.999999999999,0.12911619935890606
4649.999999999999,0.12929706478733033
4659.999999999999,0.1298148920726493
4669.999999999999,0.13001653630116006
4679.999999999999,0.13054868926541263
4689.999999999999,0.13075315110673602
4699.999999999999,0.13128561672221684
4709.999999999999,0.13149111656557974
4719.999999999999,0.13202491532584892
4729.999999999999,0.13223133311314256
4739.999999999999,0.13276531946411885
4749.999999999999,0.13297174225382885
4759.999999999999,0.13350572860480514
4769.999999999999,0.133712106372752
4779.999999999999,0.13424568002416937
4789.999999999999,0.13445083344995457
4799.999999999999,0.13498323278338575
4809.999999999999,0.13518860256381526
4819.999999999999,0.13572221748518853
4829.999999999999,0.13592827134650565
4839.999999999999,0.13646095456722382
4849.999999999999,0.13666570154644736
4859.999999999999,0.13719771694417227
4869.999999999999,0.13740239388953088
4879.999999999999,0.13793473444453894
4889.999999999999,0.13814038185925015
4899.999999999999,0.13867383795380112
4909.999999999999,0.1388801056685725
4919.999999999999,0.1394127613759787
4929.999999999999,0.13961771470502196
4939.999999999999,0.140149563772286
4949.999999999999,0.14035363667549894
4959.999999999999,0.14087605548738602
4969.999999999999,0.1410449943145031
4979.999999999999,0.14152142421568592
4989.999999999999,0.1416556081770794
4999.999999999999,0.14210824532042826
5009.999999999999,0.14222564366307877
5019.999999999999,0.14267445270489157
5029.999999999999,0.14279223123142898
5039.999999999999,0.14323867913121052
5049.999999999999,0.14335187919330683
5059.999999999999,0.1438009508621161
5069.999999999999,0.14393624411002706
5079.999999999999,0.14441197367248831
5089.999999999999,0.1445617901948687
5099.999999999999,0.14504065002134664
5109.999999999999,0.14519823849708088
5119.999999999999,0.1457020174590356
5129.999999999999,0.14588745732286246
5139.999999999999,0.1464075672393555
5149.999999999999,0.1465931021491531
5159.999999999999,0.14710425704007052
5169.999999999999,0.14726454765712838
5179.999999999999,0.14774391925823482
5189.999999999999,0.14787436988683567
5199.999999999999,0.1483265933571754
5209.999999999999,0.14844014456204252
5219.999999999999,0.14890303194022864
5229.999999999999,0.14903883140592944
5239.999999999999,0.14952683968434158
5249.999999999999,0.14968851736083233
5259.999999999999,0.1501957788399845
5269.999999999999,0.15036020117837598
5279.999999999999,0.15086168750279072
5289.999999999999,0.1510114109260326
5299.999999999999,0.15149184456783404
5309.999999999999,0.1516319983625745
5319.999999999999,0.15213491732412054
5329.999999999999,0.15230097003390947
5339.999999999999,0.15279388248994896
5349.999999999999,0.15291052894193052
5359.999999999999,0.1533630375500939
5369.999999999999,0.15348232778082488
5379.999999999999,0.15395422201523407
5389.999999999999,0.15409451240313235
5399.999999999999,0.15458607740169555
5409.999999999999,0.15473353375557142
5419.999999999999,0.15519910368107964
5429.999999999999,0.15531123294828963
5439.999999999999,0.15575895048913463
5449.999999999999,0.1558731907774022
5459.999999999999,0.15632880088563306
5469.999999999999,0.15645579734365989
5479.999999999999,0.15692645097800917
5489.999999999999,0.15707040688885426
5499.999999999999,0.15755948568491343
5509.999999999999,0.15771679430407723
5519.999999999999,0.15820324933108051
5529.999999999999,0.15835450002018314
5539.999999999999,0.15885269892162945
5549.999999999999,0.15903764424068345
5559.999999999999,0.1595692347098287
5569.999999999999,0.15976397157048486
5579.999999999999,0.1602917802104783
5589.999999999999,0.16048158718670336
5599.999999999999,0.16100605295985104
5609.999999999999,0.16119444550195688
5619.999999999999,0.16172362105308413
5629.999999999999,0.16191724737659755
5639.999999999999,0.16243001804888463
5649.999999999999,0.16256566424628785
5659.999999999999,0.16302356421202774
5669.999999999999,0.1631626559644795
5679.999999999999,0.16367748429764215
5689.999999999999,0.16386443961755828
5699.999999999999,0.16439088037308838
5709.999999999999,0.16457388183635413
5719.999999999999,0.16507475689363238
5729.999999999999,0.165218466435315
5739.999999999999,0.16569540435917024
5749.999999999999,0.1658444227185819
5759.999999999999,0.16633408179529413
5769.999999999999,0.1664946457389675
5779.999999999999,0.16699323913695646
5789.999999999999,0.1671509479496524
5799.999999999999,0.167624978217205
5809.999999999999,0.16775763741412886
5819.999999999999,0.1682365119689787
5829.999999999999,0.16840969284786425
5839.999999999999,0.16892442016083542
5849.999999999999,0.169095504887339
5859.999999999999,0.16958889048943226
5869.999999999999,0.1697581685076915
5879.999999999999,0.17027817809850185
5889.999999999999,0.17047674083663067
5899.999999999999,0.17100556719184742
5909.999999999999,0.17120104093591543
5919.999999999999,0.17172366804274414
5929.999999999999,0.17190732357068517
5939.999999999999,0.17241293300228838
5949.999999999999,0.17256910065235287
5959.999999999999,0.17303074840376836
5969.999999999999,0.17315541401149315
5979.999999999999,0.17364746216094684
5989.999999999999,0.17383281170254739
5999.999999999999,0.1743686777126115
6009.999999999999,0.1745599869424749
6019.999999999999,0.17509121195781924
6029.999999999999,0.17527456108758976
6039.999999999999,0.17579647785081595
6049.999999999999,0.17597645159801645
6059.999999999999,0.17650802052972833
6069.999999999999,0.1766998700208698
6079.999999999999,0.17723648264204367
6089.999999999999,0.1774268664242613
6099.999999999999,0.1779428021003446
6109.999999999999,0.17807134513921186
6119.999999999999,0.17853452613220183
6129.999999999999,0.1786839181436583
6139.999999999999,0.17920630235431087
6149.999999999999,0.17940165951497897
6159.999999999999,0.17992985584249782
6169.999999999999,0.18011935016751496
6179.999999999999,0.1806444625034658
6189.999999999999,0.18083384552464601
6199.999999999999,0.18136199057736424
6209.999999999999,0.18155998151193303
6219.999999999999,0.1820939956533398
6229.999999999999,0.18227804984709342
6239.999999999999,0.18278319182962016
6249.999999999999,0.18293596506087156
6259.999999999999,0.18341453502411537
6269.999999999999,0.18355125118329077
6279.999999999999,0.18405083950676238
6289.999999999999,0.18423019462197443
6299.999999999999,0.18476727024414613
6309.999999999999,0.1849613005130433
6319.999999999999,0.1855017227538599
6329.999999999999,0.18568253162796472
6339.999999999999,0.1861972201721418
6349.999999999999,0.18636287921871567
6359.999999999999,0.18689475607639017
6369.999999999999,0.18708502702700303
6379.999999999999,0.1876220438707436
6389.999999999999,0.18779808168721954
6399.999999999999,0.18831466545378556
6409.999999999999,0.18846358307019684
6419.999999999999,0.18895160760630605
6429.999999999999,0.18907376047165309
6439.999999999999,0.18953687420915116
6449.999999999999,0.18963998661520876
6459.999999999999,0.19009777777837006
6469.999999999999,0.19020098397979335
6479.999999999999,0.19066187664303014
6489.999999999999,0.19077050296601128
6499.999999999999,0.19123630300276345
6509.999999999999,0.1913474080246222
6519.999999999999,0.1918199313132226
6529.999999999999,0.19196276112370841
6539.999999999999,0.19248850848804713
6549.999999999999,0.19266885241595574
6559.999999999999,0.1931686519530137
6569.999999999999,0.19329812711000255
6579.999999999999,0.19377713728609325
6589.999999999999,0.1939224951250307
6599.999999999999,0.19442233412544374
6609.999999999999,0.1945805926483593
6619.999999999999,0.19509022346760974
6629.999999999999,0.1952612510837256
6639.999999999999,0.1957896027634305
6649.999999999999,0.1959731614404579
6659.999999999999,0.1964837700941019
6669.999999999999,0.19663098160827336
6679.999999999999,0.1971069268290473
6689.999999999999,0.1972246122565628
6699.999999999999,0.19767715866000551
6709.999999999999,0.1977946727546519
6719.999999999999,0.19826739016424033
6729.999999999999,0.19841290224497393
6739.999999999999,0.19892103511680748
6749.999999999999,0.1991003752263318
6759.999999999999,0.19963317183301274
6769.999999999999,0.19982752670473444
6779.999999999999,0.20037046946879888
6789.999999999999,0.20056769697989685
6799.999999999999,0.20111075104780224
6809.999999999999,0.20130721819119063
6819.999999999999,0.20184895912398915
6829.999999999999,0.20204461962725562
6839.999999999999,0.20258715219291495
6849.999999999999,0.20278409956858143
6859.999999999999,0.20332742376707758
6869.999999999999,0.2035245087092677
6879.999999999999,0.20406774161362046
6889.999999999999,0.20426421250886437
6899.999999999999,0.2048061447841531
6909.999999999999,0.20500171149208207
6919.999999999999,0.20554452044138177
6929.999999999999,0.20574151158824247
6939.999999999999,0.2062848658012286
6949.999999999999,0.2064819069722808
6959.999999999999,0.2070250098137163
6969.999999999999,0.20722100172730734
6979.999999999999,0.20776283770600015
6989.999999999999,0.2079585519853096
6999.999999999999,0.20850154352292427
7009.999999999999,0.20869821076316325
7019.999999999999,0.20924053447774854
7029.999999999999,0.20943591234435316
7039.999999999999,0.2099773568837292
7049.999999999999,0.21017257092109923
7059.999999999999,0.2107140142098702
7069.999999999999,0.21090922824724023
7079.999999999999,0.21145067153601116
7089.999999999999,0.21164588557338118
7099.999999999999,0.21218732886215216
7109.999999999999,0.2123825428995222
7119.999999999999,0.21292398618829317
7129.999999999999,0.21311927901376776
7139.999999999999,0.21366129132774603
7149.999999999999,0.21385790479197014
7159.999999999999,0.21440092759470808
7169.999999999999,0.21459692200950126
7179.999999999999,0.2151386366795285
7189.999999999999,0.21533374441548192
7199.999999999999,0.21587529525627458
7209.999999999999,0.21607040174162293
7219.999999999999,0.21661195258241558
7229.999999999999,0.2168070590677639
7239.999999999999,0.2173486099085566
7249.999999999999,0.21754371639390488
7259.999999999999,0.21808526723469757
7269.999999999999,0.21828037372004588
7279.999999999999,0.21882200084773296
7289.999999999999,0.2190176676040529
7299.999999999999,0.21956061787169967
7309.999999999999,0.21975729761798954
7319.999999999999,0.22029963383862572
7329.999999999999,0.22049500670280997
7339.999999999999,0.22103645624460638
7349.999999999999,0.22123166527955604
7359.999999999999,0.22177311357074736
7369.999999999999,0.22196832260569702
7379.999999999999,0.22250985843922857
7389.999999999999,0.2227056652633026
7399.999999999999,0.22324850547771752
7409.999999999999,0.22344532779296752
7419.999999999999,0.2239876014833532
7429.999999999999,0.22418314067800638
7439.999999999999,0.2247244651593019
7449.999999999999,0.22491980425717284
7459.999999999999,0.22546112248544287
7469.999999999999,0.22565646158331382
7479.999999999999,0.22619777981158384
7489.999999999999,0.2263931189094548
7499.999999999999,0.22693443713772482
7509.999999999999,0.22712977623559577
7519.999999999999,0.2276710944638658
7529.999999999999,0.22786643356173678
7539.999999999999,0.2284077517900068
7549.999999999999,0.22860309088787775
7559.999999999999,0.22914440911614778
7569.999999999999,0.22933974821401876
7579.999999999999,0.22988106644228878
7589.999999999999,0.23007640554015973
7599.999999999999,0.23061772376842976
7609.999999999999,0.2308130628663007
7619.999999999999,0.23135438109457074
7629.999999999999,0.23154977396845255
7639.999999999999,0.23209154241448252
7649.999999999999,0.23228817088598383
7659.999999999999,0.23283107488124222
7669.999999999999,0.2330274394751018
7679.999999999999,0.23356909661729489
7689.999999999999,0.2337643919440038
7699.999999999999,0.23430577270251224
7709.999999999999,0.23450104927014478
7719.999999999999,0.23504243002865322
7729.999999999999,0.2352377065962858
7739.999999999999,0.2357790873547942
7749.999999999999,0.23597436392242677
7759.999999999999,0.2365157446809352
7769.999999999999,0.23671102124856774
7779.999999999999,0.2372524020070762
7789.999999999999,0.23744767857470872
7799.999999999999,0.23798905933321718
7809.999999999999,0.2381843359008497
7819.999999999999,0.23872571665935816
7829.999999999999,0.2389209932269907
7839.999999999999,0.23946237398549913
7849.999999999999,0.2396576505531317
7859.999999999999,0.2401990313116401
7869.999999999999,0.24039430787927268
7879.999999999999,0.24093568863778111
7889.999999999999,0.24113096520541366
7899.999999999999,0.24167234596392212
7909.999999999999,0.24186772508115192
7919.999999999999,0.24240976365781292
7929.999999999999,0.24260644840653117
7939.999999999999,0.243149428688688
7949.999999999999,0.2433454543686205
7959.999999999999,0.24388713527231434
7969.999999999999,0.24408228177702562
7979.999999999999,0.2446238113575317
7989.999999999999,0.24481921923866654
7999.999999999999,0.24536181058269274
8009.999999999999,0.24555849408080593
8019.999999999999,0.24610141558452353
8029.999999999999,0.2462970498251394
8039.999999999999,0.24683888455322306
8049.999999999999,0.2470346488567401
8059.999999999999,0.24757753034110286
8069.999999999999,0.24777426636463387
8079.999999999999,0.24831686020987426
8089.999999999999,0.24851229310312295
8099.999999999999,0.24905379642091413
8109.999999999999,0.24924896543652503
8119.999999999999,0.2497904537470551
8129.999999999999,0.249985622762666
8139.999999999999,0.25052711107319603
8149.999999999999,0.250722280088807
8159.999999999999,0.25126377215115236
8169.999999999999,0.2514591124996324
8179.999999999999,0.25200148373720305
8189.999999999999,0.2521981322183978
8199.999999999998,0.2527411475174972
8209.999999999998,0.2529368555437971
8219.999999999998,0.25347857021381215
8229.999999999998,0.2536736166701403
8239.999999999998,0.2542152863183843
8249.999999999998,0.2544107954985232
8259.999999999998,0.2549536707298645
8269.999999999998,0.2551503154592318
8279.999999999998,0.25569302686133855
8289.999999999998,0.25588842348703544
8299.999999999998,0.2564300193496033
8309.999999999998,0.2566251083264883
8319.999999999998,0.2571668455074032
8329.999999999998,0.2573628036546727
8339.999999999998,0.2579058264574106
8349.999999999998,0.2581024774398073
8359.999999999998,0.2586445998070133
8369.999999999998,0.25883994015548517
8379.999999999998,0.2593813684369871
8389.999999999998,0.2595765974816261
8399.999999999998,0.26011802576312804
8409.999999999998,0.26031325480776707
8419.999999999998,0.260854683089269
8429.999999999998,0.26104991213390805
8439.999999999998,0.26159134041540993
8449.999999999998,0.26178656946004897
8459.999999999998,0.262327998992156
8469.999999999998,0.26252337435756634
8479.999999999998,0.2630656167828409
8489.999999999998,0.2632623290448507
8499.999999999998,0.2638056845084379
8509.999999999998,0.26400271192284175
8519.999999999998,0.26454595858381424
8529.999999999998,0.26474219561600276
8539.999999999998,0.26528409287432475
8549.999999999998,0.2654791981091082
8559.999999999998,0.2660207764631726
8569.999999999998,0.2662158554352491
8579.999999999998,0.2667574337893136
8589.999999999998,0.2669525127613901
8599.999999999998,0.2674940911154545
8609.999999999998,0.267689170087531
8619.999999999998,0.26823087225147524
8629.999999999998,0.2684266953334432
8639.999999999998,0.26896971063251846
8649.999999999998,0.26916637662218823
8659.999999999998,0.26970861404500623
8669.999999999998,0.2699039744031756
8679.999999999998,0.27044541018828405
8689.999999999998,0.2706406317293165
8699.999999999998,0.271182067514425
8709.999999999998,0.27137728905545744
8719.999999999998,0.2719187248405659
8729.999999999998,0.2721139463815984
8739.999999999998,0.2726553821667068
8749.999999999998,0.27285060370773934
8759.999999999998,0.2733920394928478
8769.999999999998,0.2735872610338803
8779.999999999998,0.27412869681898877
8789.999999999998,0.27432391836002123
8799.999999999998,0.2748653541451297
8809.999999999998,0.27506057568616216
8819.999999999998,0.27560208150514365
8829.999999999998,0.2757978220471998
8839.999999999998,0.276340582222877
8849.999999999998,0.27653738702969155
8859.999999999998,0.27707976702147386
8869.999999999998,0.27727530121372645
8879.999999999998,0.2778166782204118
8889.999999999998,0.27801197229652336
8899.999999999998,0.2785533355465527
8909.999999999998,0.27874862962266433
8919.999999999998,0.2792900529017259
8929.999999999998,0.27948581720526267
8939.999999999998,0.2800284648264939
8949.999999999998,0.28022552600727935
8959.999999999998,0.28076878267303634
8969.999999999998,0.28096588762498786
8979.999999999998,0.28150872783935466
8989.999999999998,0.28170463596246065
8999.999999999998,0.28224631436492037
9009.999999999998,0.28244238881846295
9019.999999999998,0.28298527030282195
9029.999999999998,0.28318204509510614
9039.999999999998,0.28372403990058526
9049.999999999998,0.28391950781076397
9059.999999999998,0.28446080853055505
9069.999999999998,0.2846562051562598
9079.999999999998,0.2851978885611358
9089.999999999998,0.2853944620060207
9099.999999999998,0.2859373434903757
9109.999999999998,0.2861338819183301
9119.999999999998,0.2866755690750175
9129.999999999998,0.2868709519440863
9139.999999999998,0.28741226516991225
9149.999999999998,0.28760249804808224
9159.999999999998,0.2881106057691082
9169.999999999998,0.2882345007287169
9179.999999999998,0.28868740007989785
9189.999999999998,0.28879386730448553
9199.999999999998,0.28924373018701943
9209.999999999998,0.289357510948957
9219.999999999998,0.289842349498195
9229.999999999998,0.2900018718282765
9239.999999999998,0.29052356153414516
9249.999999999998,0.29070925443934814
9259.999999999998,0.2912515446648195
9269.999999999998,0.2914464407713454
9279.999999999998,0.29199107087855747
9289.999999999998,0.29218570936045907
9299.999999999998,0.29272925269203726
9309.999999999998,0.29292308953623314
9319.999999999998,0.29346721690028366
9329.999999999998,0.2936622730842289
9339.999999999998,0.29420678063217043
9349.999999999998,0.29440076879954197
9359.999999999998,0.2949440257426029
9369.999999999998,0.29513749615955587
9379.999999999998,0.2956807631074575
9389.999999999998,0.2958747962966083
9399.999999999998,0.29641881360742706
9409.999999999998,0.29660241730786285
9419.999999999998,0.2970948438328887
9429.999999999998,0.297207712903905
9439.999999999998,0.29765603879300884
9449.999999999998,0.29776089523854665
9459.999999999998,0.2982105054988483
9469.999999999998,0.2983207470490016
9479.999999999998,0.29877662283976103
9489.999999999998,0.29888797242582277
9499.999999999998,0.2993389233345754
9509.999999999998,0.29945694364705144
9519.999999999998,0.2999545978391373
9529.999999999998,0.30013261800459745
9539.999999999998,0.3006727344015857
9549.999999999998,0.30086345501562417
9559.999999999998,0.30140794352728206
9569.999999999998,0.30160116660168274
9579.999999999998,0.3021434390414756
9589.999999999998,0.3023098472019947
9599.999999999998,0.3027874837965121
9609.999999999998,0.3029073565320234
9619.999999999998,0.30341577940549574
9629.999999999998,0.3035951667593209
9639.999999999998,0.3041458980133298
9649.999999999998,0.3043332885437724
9659.999999999998,0.30488311811166047
9669.999999999998,0.305070010901366
9679.999999999998,0.30561985547651516
9689.999999999998,0.3058073110384184
9699.999999999998,0.30635843123053785
9709.999999999998,0.30654690978724763
9719.999999999998,0.3070975247349832
9729.999999999998,0.3072847952073694
9739.999999999998,0.3078350424772729
9749.999999999998,0.3080233809662288
9759.999999999998,0.3085746412261021
9769.999999999998,0.30876247447067406
9779.999999999998,0.3093124441063041
9789.999999999998,0.30949933939722774
9799.999999999998,0.31004910893607557
9809.999999999998,0.31023599672336866
9819.999999999998,0.31078576626221655
9829.999999999998,0.3109726703073758
9839.999999999998,0.3115227037238613
9849.999999999998,0.31171066953255677
9859.999999999998,0.3122620586047222
9869.999999999998,0.3124509035885904
9879.999999999998,0.31300246399359677
9889.999999999998,0.31319131272927625
9899.999999999998,0.31374287313428256
9909.999999999998,0.31393160681432597
9919.999999999998,0.31448245687581045
9929.999999999998,0.31466987742074704
9939.999999999998,0.3152198645649006
9949.999999999998,0.315408046728196
9959.999999999998,0.31595934200503606
9969.999999999998,0.316148314550547
9979.999999999998,0.3166997286348424
9989.999999999998,0.3168884323003436
9999.999999999998,0.31743885965742036
10009.999999999998,0.3176263427325752
10019.999999999998,0.3181761823053643
10029.999999999998,0.3183644495097657
10039.999999999998,0.3189154221305609
10049.999999999998,0.3191041695672564
10059.999999999998,0.3196541892271141
10069.999999999998,0.31984165854562097
10079.999999999998,0.3203909653607144
10089.999999999998,0.32057835213930147
10099.999999999998,0.3211280278828239
10109.999999999998,0.3213165964830116
10119.999999999998,0.3218676116243518
10129.999999999998,0.3220568905680613
10139.999999999998,0.3226080207650376
10149.999999999998,0.32279729970874715
10159.999999999998,0.32334842990572343
10169.999999999998,0.32353770884943295
10179.999999999998,0.3240888390464092
10189.999999999998,0.32427811799011874
10199.999999999998,0.324829248187095
10209.999999999998,0.3250185271308046
10219.999999999998,0.3255695347685183
10229.999999999998,0.32575807335419993
10239.999999999998,0.32630777035801684
10249.999999999998,0.32649550355417756
10259.999999999998,0.32704605096927863
10269.999999999998,0.3272349784930989
10279.999999999998,0.3277854158549681
10289.999999999998,0.32797316030657864
10299.999999999998,0.3285228197922389
10309.999999999998,0.32871139339484695
10319.999999999998,0.3292623660156141
10329.999999999998,0.3294516799762661
10339.999999999998,0.33000277515629994
10349.999999999998,0.33019208911695197
10359.999999999998,0.3307431842969857
10369.999999999998,0.3309323756983752
10379.999999999998,0.33148272801917084
10389.999999999998,0.33167060128302506
10399.999999999998,0.3322201557179062
10409.999999999998,0.3324088793930685
10419.999999999998,0.3329596219025918
10429.999999999998,0.33314824928117837
10439.999999999998,0.3336978149715174
10449.999999999998,0.3338856432136165
10459.999999999998,0.3344359767753359
10469.999999999998,0.33462499059085493
10479.999999999998,0.3351754892324139
10489.999999999998,0.3353633524914434
10499.999999999998,0.33591292693601404
10509.999999999998,0.3361014367577584
10519.999999999998,0.33665089739725784
10529.999999999998,0.3368310006529645
10539.999999999998,0.33736039964500514
10549.999999999998,0.3375124797638971
10559.999999999998,0.3379976181812141
10569.999999999998,0.3381040294056791
10579.999999999998,0.33856117428330523
10589.999999999998,0.3386602994837563
10599.999999999998,0.33911504445062957
10609.999999999998,0.33921335800851815
10619.999999999998,0.3396681054765976
10629.999999999998,0.3397670343320697
10639.999999999998,0.34022310243890264
10649.999999999998,0.34032351701297997
10659.999999999998,0.3407810833444651
10669.999999999998,0.34088282230909916
10679.999999999998,0.3413406900363466
10689.999999999998,0.34144132096506824
10699.999999999998,0.3418984383293986
10709.999999999998,0.34200063626604027
10719.999999999998,0.3424601672977795
10729.999999999998,0.34256256157935994
10739.999999999998,0.34301861718014204
10749.999999999998,0.34311724338925476
10759.999999999998,0.3435717857581357
10769.999999999998,0.3436702769019148
10779.999999999998,0.34412531701151694
10789.999999999998,0.34422507626863985
10799.999999999998,0.34468178468515814
10809.999999999998,0.34478397761937135
10819.999999999998,0.3452434273617839
10829.999999999998,0.3453471835521058
10839.999999999998,0.3458058604207177
10849.999999999998,0.34591008808907797
10859.999999999998,0.34637734910958173
10869.999999999998,0.3464970492615177
10879.999999999998,0.346991126446496
10889.999999999998,0.3471575537818393
10899.999999999998,0.3476984877972812
10909.999999999998,0.34789094577860574
10919.999999999998,0.3484374062170139
10929.999999999998,0.3486309922439162
10939.999999999998,0.34917778534318966
10949.999999999998,0.34937128757957503
10959.999999999998,0.3499173790895744
10969.999999999998,0.35010955568478996
10979.999999999998,0.3506544566189611
10989.999999999998,0.35084625177968465
10999.999999999998,0.35139111394510203
11009.999999999998,0.35158290910582557
11019.999999999998,0.35212777127124295
11029.999999999998,0.35231956643196655
11039.999999999998,0.35286442859738393
11049.999999999998,0.3530563250570996
11059.999999999998,0.35360183878764795
11069.999999999998,0.35379503712705296
11079.999999999998,0.354341505069152
11089.999999999998,0.35453405809642324
11099.999999999998,0.355079294192702
11109.999999999998,0.35527147829153205
11119.999999999998,0.35581762107636417
11129.999999999998,0.3560109444762217
11139.999999999998,0.3565578626360243
11149.999999999998,0.35675134361207494
11159.999999999998,0.3572980179039494
11169.999999999998,0.35749027453787874
11179.999999999998,0.3580355819186194
11189.999999999998,0.3582280449023403
11199.999999999998,0.35877441529723425
11209.999999999998,0.3589677261910732
11219.999999999998,0.3595136526212247
11229.999999999998,0.3597057154113933
11239.999999999998,0.36025114910322387
11249.999999999998,0.36044432243052715
11259.999999999998,0.36099103799233734
11269.999999999998,0.3611846765446091
11279.999999999998,0.3617314471330231
11289.999999999998,0.3619250856852949
11299.999999999998,0.3624718500206875
11309.999999999998,0.362665284724386
11319.999999999998,0.3632110773398291
11329.999999999998,0.36340321766748507
11339.999999999998,0.36394852754945606
11349.999999999998,0.3641417058791474
11359.999999999998,0.3646882938793029
11369.999999999998,0.36488203498113564
11379.999999999998,0.36542863548733806
11389.999999999998,0.3656218663424311
11399.999999999998,0.36616720373771805
11409.999999999998,0.36635935657140883
11419.999999999998,0.3669051191723579
11429.999999999998,0.3670985576278476
11439.999999999998,0.36764530820660835
11449.999999999998,0.36783895551309576
11459.999999999998,0.3683855260047718
11469.999999999998,0.3685782353576351
11479.999999999998,0.36912346645150945
11489.999999999998,0.36931515280959853
11499.999999999998,0.3698601400355166
11509.999999999998,0.3700519852204198
11519.999999999998,0.370597879134859
11529.999999999998,0.3707910449585238
11539.999999999998,0.3713375366621073
11549.999999999998,0.3715296944982226
11559.999999999998,0.372075054404393
11569.999999999998,0.3722675173880899
11579.999999999998,0.37281414915941924
11589.999999999998,0.3730076614005772
11599.999999999998,0.37355454329285204
11609.999999999998,0.37374790546143144
11619.999999999998,0.37429390817852937
11629.999999999998,0.3744859372023245
11639.999999999998,0.3750308631486414
11649.999999999998,0.3752226132875418
11659.999999999998,0.3757676492870825
11669.999999999998,0.3759601610443457
11679.999999999998,0.3765065289380817
11689.999999999998,0.376700190001205
11699.999999999998,0.37724690556305124
11709.999999999998,0.37744048408625885
11719.999999999998,0.37798649055520434
11729.999999999998,0.37817876219633056
11739.999999999998,0.3787239082491392
11749.999999999998,0.3789169252507541
11759.999999999998,0.3794634807352576
11769.999999999998,0.37965799471090744
11779.999999999998,0.3802054018573362
11789.999999999998,0.3803927536188238
11799.999999999998,0.3809089587294604
11809.999999999998,0.3810539666776642
11819.999999999998,0.3815323843444315
11829.999999999998,0.381647463511237
11839.999999999998,0.3821013418090163
11849.999999999998,0.3822068163303295
11859.999999999998,0.3826604595144042
11869.999999999998,0.3827658877633493
11879.999999999998,0.3832171860632668
11889.999999999998,0.38332045451759594
11899.999999999998,0.3837726144842595
11909.999999999998,0.3838783453795879
11919.999999999998,0.38433175470053094
11929.999999999998,0.3844359736145594
11939.999999999998,0.38488713935036956
11949.999999999998,0.38498954738852165
11959.999999999998,0.38544016035698275
11969.999999999998,0.38554265968929036
11979.999999999998,0.38599410931240363
11989.999999999998,0.38609800306914893
11999.999999999998,0.3865505494726886
12009.999999999998,0.38665470960825377
12019.999999999998,0.3871074123374175
12029.999999999998,0.3872123666071382
12039.999999999998,0.38766640998474505
12049.999999999998,0.3877724935507048
12059.999999999998,0.3882268558325813
12069.999999999998,0.3883327167908633
12079.999999999998,0.3887856083613474
12089.999999999998,0.3888888780663098
12099.999999999998,0.3893394435117292
12109.999999999998,0.3894419315886513
12119.999999999998,0.3898925395546357
12129.999999999998,0.38999579175113086
12139.999999999998,0.3904495524920276
12149.999999999998,0.3905720777603468
12159.999999999998,0.3910828467687343
12169.999999999998,0.3912673428433614
12179.999999999998,0.39181566418190156
12189.999999999998,0.3920056147004076
12199.999999999998,0.3925527417112923
12209.999999999998,0.3927423107953023
12219.999999999998,0.39328950909066107
12229.999999999998,0.39347976725795075
12239.999999999998,0.3940282761872182
12249.999999999998,0.3942194522985071
12259.999999999998,0.3947673246698763
12269.999999999998,0.39495730520289646
12279.999999999998,0.39550478363372676
12289.999999999998,0.3956958584460154
12299.999999999998,0.39624461249381204
12309.999999999998,0.39643620005405056
12319.999999999998,0.3969849578536624
12329.999999999998,0.39717605142502743
12339.999999999998,0.3977235448631188
12349.999999999998,0.39791334155722297
12359.999999999998,0.39846027972675924
12369.999999999998,0.39865006141361037
12379.999999999998,0.3991974848178409
12389.999999999998,0.3993885158589353
12399.999999999998,0.3999372411428309
12409.999999999998,0.40012884371031443
12419.999999999998,0.40067759900872824
12429.999999999998,0.400868762613946
12439.999999999998,0.4014162898183829
12449.999999999998,0.40160631537316216
12459.999999999998,0.4021540914479797
12469.999999999998,0.4023453138316408
12479.999999999998,0.4028937439728278
12489.999999999998,0.4030840321546195
12499.999999999998,0.4036313229947508
12509.999999999998,0.40382180251908917
12519.999999999998,0.40437032770623477
12529.999999999998,0.4045618990086032
12539.999999999998,0.40511071558664613
12549.999999999998,0.40530218308881627
12559.999999999998,0.4058502568076211
12569.999999999998,0.40604043368557596
12579.999999999998,0.406587661995501
12589.999999999998,0.40677859924118953
12599.999999999998,0.40732712567896034
12609.999999999998,0.4075188683141415
12619.999999999998,0.40806751480997283
12629.999999999998,0.40825896980605575
12639.999999999998,0.40880651576962546
12649.999999999998,0.4089966151100486
12659.999999999998,0.4095433206671429
12669.999999999998,0.40973329119526586
12679.999999999998,0.4102802756372549
12689.999999999998,0.41047132668797426
12699.999999999998,0.4110196555301934
12709.999999999998,0.4112115745006437
12719.999999999998,0.4117600496636261
12729.999999999998,0.41195172351555137
12739.999999999998,0.4124991719319644
12749.999999999998,0.412689493880021
12759.999999999998,0.41323601184641623
12769.999999999998,0.4134257097426377
12779.999999999998,0.41396101534165247
12789.999999999998,0.41410017921320486
12799.999999999998,0.41456944495349857
12809.999999999998,0.41466727327650765
12819.999999999998,0.415128258761914
12829.999999999998,0.4152248264751898
12839.999999999998,0.4156843462516562
12849.999999999998,0.41577920313745886
12859.999999999998,0.41623755234779053
12869.999999999998,0.41633217662109073
12879.999999999998,0.41679052082900203
12889.999999999998,0.41688514510230223
12899.999999999998,0.4173435080692858
12909.999999999998,0.41743857630731246
12919.999999999998,0.41789893398906824
12929.999999999998,0.41799672229271456
12939.999999999998,0.41845899339998005
12949.999999999998,0.4185571631381306
12959.999999999998,0.41901900278669235
12969.999999999998,0.4191151765594173
12979.999999999998,0.4195742123518426
12989.999999999998,0.4196679136787073
12999.999999999998,0.42012526990876664
13009.999999999998,0.42021792072753694
13019.999999999998,0.4206757972092332
13029.999999999998,0.42077004630104275
13039.999999999998,0.421231045543109
13049.999999999998,0.4213306647322931
13059.999999999998,0.421796781449582
13069.999999999998,0.4218983865993669
13079.999999999998,0.4223645245769383
13089.999999999998,0.42246447517641084
13099.999999999998,0.42292718149413894
13109.999999999998,0.423031994445424
13119.999999999998,0.42353097024993114
13129.999999999998,0.42368552239707197
13139.999999999998,0.4242058856304392
13149.999999999998,0.4243173570792626
13159.999999999998,0.42479111346453435
13169.999999999998,0.4249145413906298
13179.999999999998,0.4254381439678556
13189.999999999998,0.4256024345752332
13199.999999999998,0.4261416577634472
13209.999999999998,0.42631154232644985
13219.999999999998,0.4268457380830439
13229.999999999998,0.42700444098778956
13239.999999999998,0.4275341833404152
13249.999999999998,0.4277041491926884
13259.999999999998,0.42824555843825735
13269.999999999998,0.42840880604111875
13279.999999999998,0.42893143245199866
13289.999999999998,0.42908389859014734
13299.999999999998,0.42961632599150645
13309.999999999998,0.42978245623856465
13319.999999999998,0.4303188167922673
13329.999999999998,0.4304815303868198
13339.999999999998,0.43101168543908874
13349.999999999998,0.4311650495115431
13359.999999999998,0.4316869418173761
13369.999999999998,0.4318410650069831
13379.999999999998,0.4323691783774863
13389.999999999998,0.4325189286192127
13399.999999999998,0.4330177524060274
13409.999999999998,0.43313969489223775
13419.999999999998,0.43364047712627307
13429.999999999998,0.433782887011959
13439.999999999998,0.4342969744313478
13449.999999999998,0.4344330437502585
13459.999999999998,0.43493810555420287
13469.999999999998,0.43508046861150484
13479.999999999998,0.43560634881752447
13489.999999999998,0.4357682805067452
13499.999999999998,0.43630101958588596
13509.999999999998,0.43646439322253794
13519.999999999998,0.4370014631464368
13529.999999999998,0.4371735885160827
13539.999999999998,0.4377115369205975
13549.999999999998,0.43785477623608576
13559.999999999998,0.4383523534470542
13569.999999999998,0.4384726848769315
13579.999999999998,0.438967059288792
13589.999999999998,0.43908325121651404
13599.999999999998,0.43955887530940574
13609.999999999998,0.4396515145953786
13619.999999999998,0.4401120501403887
13629.999999999998,0.44020309115334244
13639.999999999998,0.44067058631451045
13649.999999999998,0.44078692956541216
13659.999999999998,0.44128914902170935
13669.999999999998,0.44143651547189544
13679.999999999998,0.44196073765309096
13689.999999999998,0.44211897908613634
13699.999999999998,0.442616027847224
13709.999999999998,0.4427269684850551
13719.999999999998,0.4432047586255881
13729.999999999998,0.44334997028358675
13739.999999999998,0.4438741837105305
13749.999999999998,0.44404793139349297
13759.999999999998,0.44454137341010524
13769.999999999998,0.44466435237052704
13779.999999999998,0.445140814368692
13789.999999999998,0.44528314393844937
13799.999999999998,0.4457877264819763
13809.999999999998,0.44596144206505534
13819.999999999998,0.44649531169103635
13829.999999999998,0.44667335798023167
13839.999999999998,0.4471799173141382
13849.999999999998,0.4473333119571629
13859.999999999998,0.4478439798053528
13869.999999999998,0.4480114666815697
13879.999999999998,0.44853562035817734
13889.999999999998,0.4487131558446169
13899.999999999998,0.4492337483545321
13909.999999999998,0.44936460167934755
13919.999999999998,0.44983210059225853
13929.999999999998,0.4499677326169189
13939.999999999998,0.45049628939455505
13949.999999999998,0.450688334121605
13959.999999999998,0.4512321050636354
13969.999999999998,0.4514223976932603
13979.999999999998,0.45195936284355087
13989.999999999998,0.45213868891893383
13999.999999999998,0.4526647713055074
14009.999999999998,0.452836354886063
14019.999999999998,0.4533555614470318
14029.999999999998,0.4535172708074277
14039.999999999998,0.45402224715284784
14049.999999999998,0.4541647968290646
14059.999999999998,0.4546359550118929
14069.999999999998,0.4547447421081455
14079.999999999998,0.45522097899735436
14089.999999999998,0.4553766119458279
14099.999999999998,0.4558961143441791
14109.999999999998,0.45606528425728565
14119.999999999998,0.45658602531046627
14129.999999999998,0.4567606153451428
14139.999999999998,0.4572941063150813
14149.999999999998,0.45747648011452097
14159.999999999998,0.4579960636635652
14169.999999999998,0.45815488398806087
14179.999999999998,0.45865575682010484
14189.999999999998,0.4588045704989391
14199.999999999998,0.4593053114614569
14209.999999999998,0.45947872912336574
14219.999999999998,0.4600139221665256
14229.999999999998,0.4602096174091689
14239.999999999998,0.4607426594119405
14249.999999999998,0.4609249074562941
14259.999999999998,0.4614261920161167
14269.999999999998,0.46156951456617046
14279.999999999998,0.4620622588838487
14289.999999999998,0.46224105567455465
14299.999999999998,0.4627718137955832
14309.999999999998,0.46295777335645516
14319.999999999998,0.46347447217741816
14329.999999999998,0.4636439193074403
14339.999999999998,0.4641463428910795
14349.999999999998,0.4643079327478533
14359.999999999998,0.46482513500657924
14369.999999999998,0.4650145762514376
14379.999999999998,0.4655484283689475
14389.999999999998,0.46571755159229555
14399.999999999998,0.4662235238366005
14409.999999999998,0.46639571020710713
14419.999999999998,0.4669270158158816
14429.999999999998,0.4671219074740674
14439.999999999998,0.4676594410951952
14449.999999999998,0.467854812985663
14459.999999999998,0.46839234660679085
14469.999999999998,0.4685863353282547
14479.999999999998,0.4691102291579171
14489.999999999998,0.4692611724767425
14499.999999999998,0.46973451769031577
14509.999999999998,0.46985771203202403
14519.999999999998,0.4703428892183359
14529.999999999998,0.4704822951510992
14539.999999999998,0.47096783876462994
14549.999999999998,0.47110663815404935
14559.999999999998,0.47161405929336786
14569.999999999998,0.4717934954204092
14579.999999999998,0.47233099652571214
14589.999999999998,0.47249262265004166
14599.999999999998,0.4729932776011504
14609.999999999998,0.473138681712182
14619.999999999998,0.4736460243421241
14629.999999999998,0.4737967485263385
14639.999999999998,0.4742933284506885
14649.999999999998,0.47442768721942585
14659.999999999998,0.47491100698024186
14669.999999999998,0.4750363338805416
14679.999999999998,0.4755142310185896
14689.999999999998,0.4756520671635146
14699.999999999998,0.47617302596204314
14709.999999999998,0.47635503513933153
14719.999999999998,0.4768966282237923
14729.999999999998,0.4770788012303152
14739.999999999998,0.4776122853927457
14749.999999999998,0.47777689740555507
14759.999999999998,0.4782944988859887
14769.999999999998,0.47846378565982695
14779.999999999998,0.47899984231652476
14789.999999999998,0.47917010011573147
14799.999999999998,0.47966317390004526
14809.999999999998,0.4797838823164645
14819.999999999998,0.48025529006582013
14829.999999999998,0.4803743651922739
14839.999999999998,0.48086434761992625
14849.999999999998,0.48103249606451326
14859.999999999998,0.4815723230177018
14869.999999999998,0.48176524399979126
14879.999999999998,0.4823089328208534
14889.999999999998,0.4825014335996929
14899.999999999998,0.48304384680379286
14909.999999999998,0.48323175411089797
14919.999999999998,0.48375632424054593
14929.999999999998,0.4839151103797687
14939.999999999998,0.48440390779003306
14949.999999999998,0.4845223838767212
14959.999999999998,0.484975735392808
14969.999999999998,0.4850832349204658
14979.999999999998,0.4855422616815328
14989.999999999998,0.48566318270075304
14999.999999999998,0.48614508552629604
15009.999999999998,0.4862927614303575
15019.999999999998,0.4868059939920094
15029.999999999998,0.48698525559032996
15039.999999999998,0.48751902489070886
15049.999999999998,0.4876915119623845
15059.999999999998,0.48820802972442634
15069.999999999998,0.4883567182026006
15079.999999999998,0.4888459898693127
15089.999999999998,0.488967535913754
15099.999999999998,0.4894299358334
15109.999999999998,0.48952824188731636
15119.999999999998,0.48998167622057837
15129.999999999998,0.49008264981471666
15139.999999999998,0.49055815107110656
15149.999999999998,0.4907130089217483
15159.999999999998,0.49123870278767395
15169.999999999998,0.49140123407265607
15179.999999999998,0.49190027226894084
15189.999999999998,0.4920343181091382
15199.999999999998,0.4925120967170466
15209.999999999998,0.4926297671369021
15219.999999999998,0.4931032286567848
15229.999999999998,0.4932246158743556
15239.999999999998,0.49370603874490415
15249.999999999998,0.4938406836248149
15259.999999999998,0.4943310158045384
15269.999999999998,0.4944508947926124
15279.999999999998,0.4949149905325388
15289.999999999998,0.495035379211389
15299.999999999998,0.4955559956215554
15309.999999999998,0.4957380658011492
15319.999999999998,0.49628827958241345
15329.999999999998,0.4964706111384509
15339.999999999998,0.497009215554606
15349.999999999998,0.4971649748141131
15359.999999999998,0.4976706724814067
15369.999999999998,0.49779310270344923
15379.999999999998,0.4982680199274232
15389.999999999998,0.49837971245595136
15399.999999999998,0.4988904914694934
15409.999999999998,0.49904318896946703
15419.999999999998,0.49954925528799066
15429.999999999998,0.49965231266703747
15439.999999999998,0.5001226636553456
15449.999999999998,0.5002377380967045
15459.999999999998,0.5007305261871988
15469.999999999998,0.5008472439233842
15479.999999999998,0.5013260590055278
15489.999999999998,0.5014440073369123
15499.999999999998,0.5019659927435537
15509.999999999998,0.5021292581320173
15519.999999999998,0.502650370200622
15529.999999999998,0.502759542064146
15539.999999999998,0.5032289985927609
15549.999999999998,0.5033189261483779
15559.999999999998,0.5037883251491665
15569.999999999998,0.503903858839716
15579.999999999998,0.504420092437316
15589.999999999998,0.5045691699905525
15599.999999999998,0.5050651446238579
15609.999999999998,0.5051723670715398
15619.999999999998,0.5056478912578372
15629.999999999998,0.5057671995511028
15639.999999999998,0.506263359968559
15649.999999999998,0.5064072383399483
15659.999999999998,0.5069256221447539
15669.999999999998,0.5070692399744879
15679.999999999998,0.5075536424820644
15689.999999999998,0.5076608884140599
15699.999999999998,0.5081260591197603
15709.999999999998,0.5082236003578965
15719.999999999998,0.5086885321980328
15729.999999999998,0.5088051088930662
15739.999999999998,0.5092958932373134
15749.999999999998,0.509441101975106
15759.999999999998,0.5099653896067338
15769.999999999998,0.5101401755673491
15779.999999999998,0.5106610651668857
15789.999999999998,0.5107834562028086
15799.999999999998,0.5112567536161772
15809.999999999998,0.5113721982366023
15819.999999999998,0.5118530880722559
15829.999999999998,0.5119647671213554
15839.999999999998,0.5124274669090159
15849.999999999998,0.5125215399425942
15859.999999999998,0.5129787733363125
15869.999999999998,0.5130733991372519
15879.999999999998,0.5135315542267845
15889.999999999998,0.5136272180297796
15899.999999999998,0.5140967323634357
15909.999999999998,0.5142342483533731
15919.999999999998,0.514752154981525
15929.999999999998,0.5149068488642985
15939.999999999998,0.5153995596945568
15949.999999999998,0.5155333078907991
15959.999999999998,0.5160420134014281
15969.999999999998,0.5162012865818455
15979.999999999998,0.516706618795318
15989.999999999998,0.5168190369518646
15999.999999999998,0.5172776322543444
16009.999999999998,0.5173725732076742
16019.999999999998,0.5178290262239933
16029.999999999998,0.5179306329013291
16039.999999999998,0.5184026446929672
16049.999999999998,0.5185199564664132
16059.999999999998,0.5190014590985126
16069.999999999998,0.5191243022973655
16079.999999999998,0.5196059149826806
16089.999999999998,0.5197219636451992
16099.999999999998,0.5202027947024579
16109.999999999998,0.5203446728021841
16119.999999999998,0.5208606184818971
16129.999999999998,0.5210141955744703
16139.999999999998,0.5215000105694141
16149.999999999998,0.5216173258174324
16159.999999999998,0.5220799120773131
16169.999999999998,0.5221833293532939
16179.999999999998,0.5226462795392075
16189.999999999998,0.522771987596591
16199.999999999998,0.5232619333394625
16209.999999999998,0.5234111127492644
16219.999999999998,0.5239219868088174
16229.999999999998,0.524090735266395
16239.999999999998,0.5246220721403851
16249.999999999998,0.5248065124934169
16259.999999999998,0.5253296997314125
16269.999999999998,0.5254864321000842
16279.999999999998,0.5259744444078005
16289.999999999998,0.5260913607128757
16299.999999999998,0.5265429966764086
16309.999999999998,0.5266440703188617
16319.999999999998,0.5270945519740899
16329.999999999998,0.527196713642786
16339.999999999998,0.5276474966938047
16349.999999999998,0.5277496821239975
16359.999999999998,0.5282004651750162
16369.999999999998,0.5283041350732052
16379.999999999998,0.5287694088829811
16389.999999999996,0.5289178161135515
16399.999999999996,0.529429736373384
16409.999999999996,0.5295887683271621
16419.999999999996,0.5300727364559537
16429.999999999996,0.5302007190863904
16439.999999999996,0.5306622163466787
16449.999999999996,0.5307735071537458
16459.999999999996,0.5312409097702664
16469.999999999996,0.5314040826154063
16479.999999999996,0.5319250482216161
16489.999999999996,0.5321129246823768
16499.999999999996,0.5326444484510002
16509.999999999996,0.5328400248860111
16519.999999999996,0.5333776378497788
16529.999999999996,0.5335747912975382
16539.999999999996,0.5340997443881064
16549.999999999996,0.5342747964517992
16559.999999999996,0.5347645116660289
16569.999999999996,0.534889909296123
16579.999999999996,0.5353395670800261
16589.999999999996,0.5354606276123969
16599.999999999996,0.53591993131174
16609.999999999996,0.5360424387939624
16619.999999999996,0.5364903382273989
16629.999999999996,0.536606231260404
16639.999999999996,0.5370729160297476
16649.999999999996,0.5372201192065622
16659.999999999996,0.537720771099081
16669.999999999996,0.5379022716973634
16679.999999999996,0.538426928673362
16689.999999999996,0.5385840784667978
16699.999999999996,0.5390589309366067
16709.999999999996,0.5391964144122771
16719.999999999996,0.539701647270463
16729.999999999996,0.5398673282730431
16739.999999999996,0.5403518131804209
16749.999999999996,0.5404700713844959
16759.999999999996,0.5409171939150528
16769.999999999996,0.5410255085597244
16779.999999999996,0.541472807425559
16789.999999999996,0.5415899513406879
16799.999999999996,0.5420510031083734
16809.999999999996,0.5421840284548902
16819.999999999996,0.5426669683092439
16829.999999999996,0.5428243379303628
16839.999999999996,0.543317523990507
16849.999999999996,0.5434547938899865
16859.999999999996,0.5439209318677471
16869.999999999996,0.5440406882964581
16879.999999999996,0.5444967714109786
16889.999999999996,0.5446093043459302
16899.999999999996,0.545061369266953
16909.999999999996,0.5451718449568539
16919.999999999996,0.5456262197451034
16929.999999999996,0.5457434974749851
16939.999999999996,0.5462153807315866
16949.999999999996,0.5463705762454178
16959.999999999996,0.5468830899866037
16969.999999999996,0.5470685955777317
16979.999999999996,0.5476026140258634
16989.999999999996,0.5478001566889769
16999.999999999996,0.5483267277850341
17009.999999999996,0.5485120645444992
17019.999999999996,0.549036384551785
17029.999999999996,0.5492286121441481
17039.999999999996,0.549758935054847
17049.999999999996,0.5499506624052667
17059.999999999996,0.5504720165337743
17069.999999999996,0.5506249067669826
17079.999999999996,0.5510863014776654
17089.999999999996,0.5512097206508779
17099.999999999996,0.5517086592146888
17109.999999999996,0.5518825298726182
17119.999999999996,0.5524083280948506
17129.999999999996,0.5525875043746815
17139.999999999996,0.553112202064636
17149.999999999996,0.5532845875599399
17159.999999999996,0.5538011463133219
17169.999999999996,0.5539685193842788
17179.999999999996,0.5544824786861176
17189.999999999996,0.5546430013609456
17199.999999999996,0.5551388364794385
17209.999999999996,0.5552794352119208
17219.999999999996,0.5557595877451708
17229.999999999996,0.5558893462345091
17239.999999999996,0.5563720737632769
17249.999999999996,0.5565302254298343
17259.999999999996,0.5570407277809797
17269.999999999996,0.5571930899817295
17279.999999999996,0.5576699411953451
17289.999999999996,0.5577948870798874
17299.999999999996,0.55826632817681
17309.999999999996,0.5583980285783159
17319.999999999996,0.5589003903248853
17329.999999999996,0.5590757789399454
17339.999999999996,0.5595975560500798
17349.999999999996,0.5597238043703234
17359.999999999996,0.5601838149385923
17369.999999999996,0.5602887598993014
17379.999999999996,0.5607592117677225
17389.999999999996,0.560878903861188
17399.999999999996,0.5613609113187117
17409.999999999996,0.561488937443071
17419.999999999996,0.561969385396297
17429.999999999996,0.5620887948530363
17439.999999999996,0.5625741083538826
17449.999999999996,0.5627344922115777
17459.999999999996,0.5632671602836248
17469.999999999996,0.563455109279517
17479.999999999996,0.5639878236239282
17489.999999999996,0.564169793477864
17499.999999999996,0.5646965599454861
17509.999999999996,0.5648689019484446
17519.999999999996,0.5653664184358883
17529.999999999996,0.5654873288956971
17539.999999999996,0.5659452681850679
17549.999999999996,0.5660773177825809
17559.999999999996,0.5665700914203209
17569.999999999996,0.5667291290711571
17579.999999999996,0.5672320933320882
17589.999999999996,0.567398412837745
17599.999999999996,0.5679135108846114
17609.999999999996,0.5680922425051228
17619.999999999996,0.5685965920204271
17629.999999999996,0.5687203803993202
17639.999999999996,0.569169869074413
17649.999999999996,0.5692723546499483
17659.999999999996,0.569720596471988
17669.999999999996,0.5698409294296336
17679.999999999996,0.5703502927584875
17689.999999999996,0.5705354341448667
17699.999999999996,0.5710659481208404
17709.999999999996,0.5712292237928654
17719.999999999996,0.5717278027399957
17729.999999999996,0.5718592901197612
17739.999999999996,0.5723324387112609
17749.999999999996,0.5724644138269352
17759.999999999996,0.5729580110587978
17769.999999999996,0.5731147663542184
17779.999999999996,0.5736343582417458
17789.999999999996,0.5738182808443997
17799.999999999996,0.5743540028950698
17809.999999999996,0.5745056990779385
17819.999999999996,0.5749812978815332
17829.999999999996,0.5750958105240849
17839.999999999996,0.5755751273760079
17849.999999999996,0.5757072785497888
17859.999999999996,0.5762165793483357
17869.999999999996,0.5763823125976258
17879.999999999996,0.576920023804652
17889.999999999996,0.5771033586230343
17899.999999999996,0.577645840193064
17909.999999999996,0.5777939684001989
17919.999999999996,0.5782763629907693
17929.999999999996,0.5783797002280975
17939.999999999996,0.5788784990028624
17949.999999999996,0.5790200322144898
17959.999999999996,0.5795101843070801
17969.999999999996,0.5796155700352235
17979.999999999996,0.580087465797791
17989.999999999996,0.5802358180018186
17999.999999999996,0.5807662729205523
18009.999999999996,0.5809356037442374
18019.999999999996,0.581424085584717
18029.999999999996,0.5815547060181336
18039.999999999996,0.5820569859209215
18049.999999999996,0.582218167524421
18059.999999999996,0.5827213624541447
18069.999999999996,0.5828358791257029
18079.999999999996,0.5832920057341053
18089.999999999996,0.5833893340921862
18099.999999999996,0.5838435335184633
18109.999999999996,0.5839484467951461
18119.999999999996,0.5844207749897952
18129.999999999996,0.5845432692698851
18139.999999999996,0.5850229860381815
18149.999999999996,0.5851503514242875
18159.999999999996,0.5856502986717417
18169.999999999996,0.5858219575641446
18179.999999999996,0.5863577306124121
18189.999999999996,0.5865020347470256
18199.999999999996,0.5869738501936682
18209.999999999996,0.5870955672921345
18219.999999999996,0.5876194337471463
18229.999999999996,0.5877978674449627
18239.999999999996,0.5883280105472726
18249.999999999996,0.588475823601953
18259.999999999996,0.5889833728590748
18269.999999999996,0.5891377642340709
18279.999999999996,0.5896593998871801
18289.999999999996,0.5898269605489611
18299.999999999996,0.5903568607551353
18309.999999999996,0.5905244257247112
18319.999999999996,0.5910235864803228
18329.999999999996,0.591135824272538
18339.999999999996,0.5916019209803263
18349.999999999996,0.591736745947298
18359.999999999996,0.5922408017090399
18369.999999999996,0.5924033046458658
18379.999999999996,0.5929250581346621
18389.999999999996,0.5930939852901546
18399.999999999996,0.5935955369250802
18409.999999999996,0.5937345341871628
18419.999999999996,0.5942062658433208
18429.999999999996,0.594318188760313
18439.999999999996,0.5947849004884815
18449.999999999996,0.5949442345310985
18459.999999999996,0.5954673943943876
18469.999999999996,0.5956516221445789
18479.999999999996,0.5961662827585207
18489.999999999996,0.5963322058224567
18499.999999999996,0.5968199204862139
18509.999999999996,0.596963076982902
18519.999999999996,0.5974544578641832
18529.999999999996,0.5976208757502602
18539.999999999996,0.5981205139597322
18549.999999999996,0.5982504393339824
18559.999999999996,0.5987067260198644
18569.999999999996,0.5988317577772109
18579.999999999996,0.5993191144907736
18589.999999999996,0.5994709479613293
18599.999999999996,0.5999590550378211
18609.999999999996,0.6001032523149739
18619.999999999996,0.6005856803946945
18629.999999999996,0.6007266723715252
18639.999999999996,0.6012081049697593
18649.999999999996,0.601352119658581
18659.999999999996,0.6018394213455319
18669.999999999996,0.6019961403733527
18679.999999999996,0.6025000814968566
18689.999999999996,0.6026602067565177
18699.999999999996,0.6031349451440721
18709.999999999996,0.6032612997641469
18719.999999999996,0.6037324264048015
18729.999999999996,0.6038837943730968
18739.999999999996,0.604385539017051
18749.999999999996,0.6045672212302751
18759.999999999996,0.6050986456466938
18769.999999999996,0.6052972616060731
18779.999999999996,0.6058307345132949
18789.999999999996,0.6060199277208473
18799.999999999996,0.6065203688186667
18809.999999999996,0.6066699649570826
18819.999999999996,0.607150255753067
18829.999999999996,0.6072947356669096
18839.999999999996,0.6077660271101606
18849.999999999996,0.6078865029139374
18859.999999999996,0.6083324946204307
18869.999999999996,0.6084454142695344
18879.999999999996,0.6089010231275991
18889.999999999996,0.6090348228757894
18899.999999999996,0.6095308607324211
18909.999999999996,0.6097027627981266
18919.999999999996,0.6101960026358146
18929.999999999996,0.610317711813228
18939.999999999996,0.6107688044598142
18949.999999999996,0.6108916979600545
18959.999999999996,0.6113596687700917
18969.999999999996,0.6114968341732469
18979.999999999996,0.6119740331967168
18989.999999999996,0.6121128569019274
18999.999999999996,0.6125737567919822
19009.999999999996,0.6126922831799809
19019.999999999996,0.613154192308174
19029.999999999996,0.6133129338413383
19039.999999999996,0.6138161005631773
19049.999999999996,0.6139764637150326
19059.999999999996,0.6144519071664695
19069.999999999996,0.614602959703614
19079.999999999996,0.6151154881748175
19089.999999999996,0.6153106699731675
19099.999999999996,0.6158342643523542
19109.999999999996,0.6160082977275592
19119.999999999996,0.6165108117722593
19129.999999999996,0.6166803596435764
19139.999999999996,0.6171845756229164
19149.999999999996,0.6173581234846668
19159.999999999996,0.6178733185242271
19169.999999999996,0.6180585345295299
19179.999999999996,0.618563563957981
19189.999999999996,0.6187099128315701
19199.999999999996,0.6191783053726332
19209.999999999996,0.6193053355966316
19219.999999999996,0.6197643898710664
19229.999999999996,0.6198998341647247
19239.999999999996,0.6203906375452752
19249.999999999996,0.6205505399185705
19259.999999999996,0.6210213273679984
19269.999999999996,0.621140765169764
19279.999999999996,0.6215899721813716
19289.999999999996,0.6217219310392159
19299.999999999996,0.6221972738862338
19309.999999999996,0.6223710788166046
19319.999999999996,0.6228910161498609
19329.999999999996,0.6230860987330991
19339.999999999996,0.6235756242742698
19349.999999999996,0.6237341612642356
19359.999999999996,0.6242264045084415
19369.999999999996,0.624409624269542
19379.999999999996,0.6249224478850435
19389.999999999996,0.6251087509432034
19399.999999999996,0.6256155434473463
19409.999999999996,0.6257804628300307
19419.999999999996,0.6262584609900044
19429.999999999996,0.6264169574046194
19439.999999999996,0.6269295318709758
19449.999999999996,0.6271235064182454
19459.999999999996,0.6276176892119938
19469.999999999996,0.6277470383346415
19479.999999999996,0.6282017352244726
19489.999999999996,0.628358892241262
19499.999999999996,0.6288555770779625
19509.999999999996,0.6290235001363667
19519.999999999996,0.629501849993509
19529.999999999996,0.6296616642684645
19539.999999999996,0.6301675545289092
19549.999999999996,0.6303628989059613
19559.999999999996,0.6308831166519084
19569.999999999996,0.6310657979599295
19579.999999999996,0.6315602123927502
19589.999999999996,0.6316971624146912
19599.999999999996,0.6321440883229811
19609.999999999996,0.6322537814115327
19619.999999999996,0.632694925773442
19629.999999999996,0.6328037359349208
19639.999999999996,0.6332456093995131
19649.999999999996,0.6333611540682818
19659.999999999996,0.6338375324161492
19669.999999999996,0.6340171676664828
19679.999999999996,0.6345428445815585
19689.999999999996,0.6347075273226858
19699.999999999996,0.6351861110429682
19709.999999999996,0.6353284311622431
19719.999999999996,0.6358185579655369
19729.999999999996,0.6359751349804694
19739.999999999996,0.6364653255646389
19749.999999999996,0.6366137223730393
19759.999999999996,0.6370856178584119
19769.999999999996,0.6372033498350963
19779.999999999996,0.6376485336508184
19789.999999999996,0.6377628239628628
19799.999999999996,0.6382156552274495
19809.999999999996,0.6383330670493074
19819.999999999996,0.6387794977180907
19829.999999999996,0.6388893996576317
19839.999999999996,0.6393328538868124
19849.999999999996,0.6394451970070782
19859.999999999996,0.6399091536526527
19869.999999999996,0.640069606986696
19879.999999999996,0.6405735018377756
19889.999999999996,0.6407196816024623
19899.999999999996,0.6411758097387055
19909.999999999996,0.6412829725763554
19919.999999999996,0.6417294685538106
19929.999999999996,0.6418397904193741
19939.999999999996,0.6423052993428147
19949.999999999996,0.642444976656762
19959.999999999996,0.642938898072502
19969.999999999996,0.6430939840891978
19979.999999999996,0.6435910195110881
19989.999999999996,0.6437412656868671
19999.999999999996,0.6442196445851822
20009.999999999996,0.6443554062552053
20019.999999999996,0.644861504254725
20029.999999999996,0.645048749158491
20039.999999999996,0.6455584973964491
20049.999999999996,0.645691748407878
20059.999999999996,0.6461439433918181
20069.999999999996,0.6462469792333355
20079.999999999996,0.64669561374516
20089.999999999996,0.6468025852402233
20099.999999999996,0.6472609869761292
20109.999999999996,0.6473836460588716
20119.999999999996,0.6478754333866743
20129.999999999996,0.6480439242197207
20139.999999999996,0.6485600430388592
20149.999999999996,0.6486894934621084
20159.999999999996,0.6491520271965352
20169.999999999996,0.64927325058488
20179.999999999996,0.649767447133675
20189.999999999996,0.6499102096898964
20199.999999999996,0.6503805246878679
20209.999999999996,0.6504868971432741
20219.999999999996,0.6509404065128575
20229.999999999996,0.6510494540120721
20239.999999999996,0.651512628056192
20249.999999999996,0.6516394303929132
20259.999999999996,0.6521227554334569
20269.999999999996,0.652267431415156
20279.999999999996,0.6527651434142385
20289.999999999996,0.6529133110847851
20299.999999999996,0.6533891837708341
20309.999999999996,0.6535148705680163
20319.999999999996,0.654007373241773
20329.999999999996,0.6541804663008379
20339.999999999996,0.6547004432359784
20349.999999999996,0.654831530701081
20359.999999999996,0.6552894071828412
20369.999999999996,0.6553898855375095
20379.999999999996,0.6558491489400688
20389.999999999996,0.6559681412493803
20399.999999999996,0.6564722145194566
20409.999999999996,0.6566354671247392
20419.999999999996,0.6571432355164075
20429.999999999996,0.6572674994024981
20439.999999999996,0.6577377590965705
20449.999999999996,0.6578453098990655
20459.999999999996,0.6583108398054648
20469.999999999996,0.6584376561761371
20479.999999999996,0.658940454108
20489.999999999996,0.6590875090174646
20499.999999999996,0.6595608702116404
20509.999999999996,0.6596652307210705
20519.999999999996,0.6601149992541908
20529.999999999996,0.6602173225282635
20539.999999999996,0.660669777360726
20549.999999999996,0.660767838573397
20559.999999999996,0.6612189940273927
20569.999999999996,0.6613170552400636
20579.999999999996,0.6617682106940592
20589.999999999996,0.6618662719067303
20599.999999999996,0.6623174273607257
20609.999999999996,0.6624154885733968
20619.999999999996,0.6628666440273925
20629.999999999996,0.6629647052400635
20639.999999999996,0.663415860694059
20649.999999999996,0.6635139219067301
20659.999999999996,0.6639650773607256
20669.999999999996,0.6640631385733967
20679.999999999996,0.6645142940273923
20689.999999999996,0.6646123552400633
20699.999999999996,0.6650635106940589
20709.999999999996,0.66516157190673
20719.999999999996,0.6656127273607255
20729.999999999996,0.6657107885733966
20739.999999999996,0.6661619440273921
20749.999999999996,0.6662600052400631
20759.999999999996,0.6667111606940588
20769.999999999996,0.6668092219067298
20779.999999999996,0.6672603773607253
20789.999999999996,0.6673584385733964
20799.999999999996,0.6678095940273919
20809.999999999996,0.6679076552400629
20819.999999999996,0.6683588106940586
20829.999999999996,0.6684568719067296
20839.999999999996,0.6689080273607251
20849.999999999996,0.6690060885733962
20859.999999999996,0.6694572440273918
20869.999999999996,0.6695553052400628
20879.999999999996,0.6700064606940583
20889.999999999996,0.6701045219067294
20899.999999999996,0.670555677360725
20909.999999999996,0.670653738573396
20919.999999999996,0.6711048940273916
20929.999999999996,0.6712029552400627
20939.999999999996,0.6716541106940582
20949.999999999996,0.6717521719067292
20959.999999999996,0.6722033273607249
20969.999999999996,0.6723013885733958
20979.999999999996,0.6727525440273914
20989.999999999996,0.6728506052400625
20999.999999999996,0.673301760694058
21009.999999999996,0.6733998219067291
21019.999999999996,0.6738509773607246
21029.999999999996,0.6739490385733957
21039.999999999996,0.6744001940273913
21049.999999999996,0.6744982552400622
21059.999999999996,0.6749494106940579
21069.999999999996,0.675047471906729
21079.999999999996,0.6754986273607244
21089.999999999996,0.6755966885733955
21099.999999999996,0.6760478440273912
21109.999999999996,0.6761459052400621
21119.999999999996,0.6765970606940577
21129.999999999996,0.6766951219067288
21139.999999999996,0.6771462773607243
21149.999999999996,0.6772443385733953
21159.999999999996,0.6776954940273909
21169.999999999996,0.677793555240062
21179.999999999996,0.6782447106940575
21189.999999999996,0.6783427719067285
21199.999999999996,0.6787939273607242
21209.999999999996,0.6788919885733952
21219.999999999996,0.6793431440273907
21229.999999999996,0.6794412052400618
21239.999999999996,0.6798923606940573
21249.999999999996,0.6799904219067284
21259.999999999996,0.680441577360724
21269.999999999996,0.6805396385733951
21279.999999999996,0.6809907940273906
21289.999999999996,0.6810888552400616
21299.999999999996,0.6815400106940572
21309.999999999996,0.6816380719067283
21319.999999999996,0.6820892273607237
21329.999999999996,0.6821872885733948
21339.999999999996,0.6826384440273905
21349.999999999996,0.6827365052400614
21359.999999999996,0.683187660694057
21369.999999999996,0.6832857219067281
21379.999999999996,0.6837368773607235
21389.999999999996,0.6838349385733946
21399.999999999996,0.6842860940273903
21409.999999999996,0.6843841552400612
21419.999999999996,0.6848353106940568
21429.999999999996,0.6849333719067279
21439.999999999996,0.6853845273607234
21449.999999999996,0.6854825885733945
21459.999999999996,0.68593374402739
21469.999999999996,0.6860318052400611
21479.999999999996,0.6864829606940567
21489.999999999996,0.6865810219067277
21499.999999999996,0.6870321773607233
21509.999999999996,0.6871302385733944
21519.999999999996,0.6875813940273898
21529.999999999996,0.6876794552400609
21539.999999999996,0.6881306106940566
