Point in Time[s],Power Consumption[W]
9.999999999999998,76.71199999999999
19.999999999999996,76.71199999999999
29.999999999999993,76.71199999999999
39.99999999999999,76.71199999999999
49.99999999999999,76.71199999999999
59.99999999999999,76.71199999999999
69.99999999999999,76.71199999999999
79.99999999999999,76.71199999999999
89.99999999999999,76.71199999999999
99.99999999999999,76.71199999999999
109.99999999999999,76.71199999999999
119.99999999999999,76.71199999999999
129.99999999999997,76.71199999999999
139.99999999999997,76.71199999999999
149.99999999999997,76.71199999999999
159.99999999999997,76.71199999999999
169.99999999999997,76.71199999999999
179.99999999999997,76.71199999999999
189.99999999999997,76.71199999999999
199.99999999999997,76.71199999999999
209.99999999999997,76.71199999999999
219.99999999999997,76.71199999999999
229.99999999999997,76.71199999999999
239.99999999999997,76.71199999999999
249.99999999999997,76.71199999999999
259.99999999999994,76.71199999999999
269.99999999999994,76.71199999999999
279.99999999999994,76.71199999999999
289.99999999999994,76.71199999999999
299.99999999999994,76.71199999999999
309.99999999999994,76.71199999999999
319.99999999999994,76.71199999999999
329.99999999999994,76.71199999999999
339.99999999999994,76.71199999999999
349.99999999999994,76.71199999999999
359.99999999999994,76.71199999999999
369.99999999999994,76.71199999999999
379.99999999999994,76.71199999999999
389.99999999999994,76.71199999999999
399.99999999999994,76.71199999999999
409.99999999999994,76.71199999999999
419.99999999999994,76.71199999999999
429.99999999999994,76.71199999999999
439.99999999999994,76.71199999999999
449.99999999999994,76.71199999999999
459.99999999999994,76.71199999999999
469.99999999999994,76.71199999999999
479.99999999999994,76.71199999999999
489.99999999999994,76.71199999999999
499.99999999999994,76.71199999999999
509.99999999999994,76.71199999999999
519.9999999999999,76.71199999999999
529.9999999999999,76.71199999999999
539.9999999999999,76.71199999999999
549.9999999999999,76.71199999999999
559.9999999999999,76.71199999999999
569.9999999999999,76.71199999999999
579.9999999999999,76.71199999999999
589.9999999999999,76.71199999999999
599.9999999999999,76.71199999999999
609.9999999999999,76.71199999999999
619.9999999999999,76.71199999999999
629.9999999999999,76.71199999999999
639.9999999999999,76.71199999999999
649.9999999999999,76.71199999999999
659.9999999999999,76.71199999999999
669.9999999999999,76.71199999999999
679.9999999999999,76.71199999999999
689.9999999999999,76.71199999999999
699.9999999999999,76.71199999999999
709.9999999999999,76.71199999999999
719.9999999999999,76.71199999999999
729.9999999999999,76.71199999999999
739.9999999999999,76.71199999999999
749.9999999999999,76.71199999999999
759.9999999999999,76.71199999999999
769.9999999999999,76.71199999999999
779.9999999999999,76.71199999999999
789.9999999999999,76.71199999999999
799.9999999999999,76.71199999999999
809.9999999999999,76.71199999999999
819.9999999999999,76.71199999999999
829.9999999999999,76.71199999999999
839.9999999999999,76.71199999999999
849.9999999999999,76.71199999999999
859.9999999999999,76.71199999999999
869.9999999999999,76.71199999999999
879.9999999999999,76.71199999999999
889.9999999999999,76.71199999999999
899.9999999999999,76.71199999999999
909.9999999999999,76.71199999999999
919.9999999999999,76.71199999999999
929.9999999999999,76.71199999999999
939.9999999999999,76.71199999999999
949.9999999999999,76.71199999999999
959.9999999999999,76.71199999999999
969.9999999999999,76.71199999999999
979.9999999999999,76.71199999999999
989.9999999999999,76.71199999999999
999.9999999999999,76.71199999999999
1009.9999999999999,76.71199999999999
1019.9999999999999,76.71199999999999
1029.9999999999998,76.71199999999999
1039.9999999999998,76.71199999999999
1049.9999999999998,76.71199999999999
1059.9999999999998,76.71199999999999
1069.9999999999998,76.71199999999999
1079.9999999999998,76.71199999999999
1089.9999999999998,76.71199999999999
1099.9999999999998,76.71199999999999
1109.9999999999998,76.71199999999999
1119.9999999999998,76.71199999999999
1129.9999999999998,76.71199999999999
1139.9999999999998,76.71199999999999
1149.9999999999998,76.71199999999999
1159.9999999999998,76.71199999999999
1169.9999999999998,76.71199999999999
1179.9999999999998,76.71199999999999
1189.9999999999998,76.71199999999999
1199.9999999999998,76.71199999999999
1209.9999999999998,76.71199999999999
1219.9999999999998,76.71199999999999
1229.9999999999998,76.71199999999999
1239.9999999999998,76.71199999999999
1249.9999999999998,76.71199999999999
1259.9999999999998,76.71199999999999
1269.9999999999998,76.71199999999999
1279.9999999999998,76.71199999999999
1289.9999999999998,76.71199999999999
1299.9999999999998,76.71199999999999
1309.9999999999998,76.71199999999999
1319.9999999999998,76.71199999999999
1329.9999999999998,76.71199999999999
1339.9999999999998,76.71199999999999
1349.9999999999998,76.71199999999999
1359.9999999999998,76.71199999999999
1369.9999999999998,76.71199999999999
1379.9999999999998,76.71199999999999
1389.9999999999998,76.71199999999999
1399.9999999999998,76.71199999999999
1409.9999999999998,76.71199999999999
1419.9999999999998,76.71199999999999
1429.9999999999998,76.71199999999999
1439.9999999999998,76.71199999999999
1449.9999999999998,76.71199999999999
1459.9999999999998,76.71199999999999
1469.9999999999998,76.71199999999999
1479.9999999999998,76.71199999999999
1489.9999999999998,76.71199999999999
1499.9999999999998,76.71199999999999
1509.9999999999998,76.71199999999999
1519.9999999999998,76.71199999999999
1529.9999999999998,76.71199999999999
1539.9999999999998,76.71199999999999
1549.9999999999998,76.71199999999999
1559.9999999999998,76.71199999999999
1569.9999999999998,76.71199999999999
1579.9999999999998,76.71199999999999
1589.9999999999998,76.71199999999999
1599.9999999999998,76.71199999999999
1609.9999999999998,76.71199999999999
1619.9999999999998,76.71199999999999
1629.9999999999998,76.71199999999999
1639.9999999999998,76.71199999999999
1649.9999999999998,76.71199999999999
1659.9999999999998,76.71199999999999
1669.9999999999998,76.71199999999999
1679.9999999999998,76.71199999999999
1689.9999999999998,76.71199999999999
1699.9999999999998,76.71199999999999
1709.9999999999998,76.71199999999999
1719.9999999999998,76.71199999999999
1729.9999999999998,76.71199999999999
1739.9999999999998,76.71199999999999
1749.9999999999998,76.71199999999999
1759.9999999999998,76.71199999999999
1769.9999999999998,76.71199999999999
1779.9999999999998,76.71199999999999
1789.9999999999998,76.71199999999999
1799.9999999999998,76.71199999999999
1809.9999999999998,76.71199999999999
1819.9999999999998,76.71199999999999
1829.9999999999998,76.71199999999999
1839.9999999999998,76.71199999999999
1849.9999999999998,76.71199999999999
1859.9999999999998,76.71199999999999
1869.9999999999998,76.71199999999999
1879.9999999999998,76.71199999999999
1889.9999999999998,76.71199999999999
1899.9999999999998,76.71199999999999
1909.9999999999998,76.71199999999999
1919.9999999999998,76.71199999999999
1929.9999999999998,76.71199999999999
1939.9999999999998,76.71199999999999
1949.9999999999998,76.71199999999999
1959.9999999999998,76.71199999999999
1969.9999999999998,76.71199999999999
1979.9999999999998,76.71199999999999
1989.9999999999998,76.71199999999999
1999.9999999999998,76.71199999999999
2009.9999999999998,76.71199999999999
2019.9999999999998,76.71199999999999
2029.9999999999998,76.71199999999999
2039.9999999999998,76.71199999999999
2049.9999999999995,76.71199999999999
2059.9999999999995,76.71199999999999
2069.9999999999995,76.71199999999999
2079.9999999999995,76.71199999999999
2089.9999999999995,76.71199999999999
2099.9999999999995,76.71199999999999
2109.9999999999995,76.71199999999999
2119.9999999999995,76.71199999999999
2129.9999999999995,76.71199999999999
2139.9999999999995,76.71199999999999
2149.9999999999995,76.71199999999999
2159.9999999999995,76.71199999999999
2169.9999999999995,76.71199999999999
2179.9999999999995,76.71199999999999
2189.9999999999995,76.71199999999999
2199.9999999999995,76.71199999999999
2209.9999999999995,76.71199999999999
2219.9999999999995,76.71199999999999
2229.9999999999995,76.71199999999999
2239.9999999999995,76.71199999999999
2249.9999999999995,76.71199999999999
2259.9999999999995,76.71199999999999
2269.9999999999995,76.71199999999999
2279.9999999999995,76.71199999999999
2289.9999999999995,76.71199999999999
2299.9999999999995,76.71199999999999
2309.9999999999995,76.71199999999999
2319.9999999999995,76.71199999999999
2329.9999999999995,76.71199999999999
2339.9999999999995,76.71199999999999
2349.9999999999995,76.71199999999999
2359.9999999999995,76.71199999999999
2369.9999999999995,76.71199999999999
2379.9999999999995,76.71199999999999
2389.9999999999995,76.71199999999999
2399.9999999999995,76.71199999999999
2409.9999999999995,76.71199999999999
2419.9999999999995,76.71199999999999
2429.9999999999995,76.71199999999999
2439.9999999999995,76.71199999999999
2449.9999999999995,76.71199999999999
2459.9999999999995,76.71199999999999
2469.9999999999995,76.71199999999999
2479.9999999999995,76.71199999999999
2489.9999999999995,76.71199999999999
2499.9999999999995,76.71199999999999
2509.9999999999995,76.71199999999999
2519.9999999999995,76.71199999999999
2529.9999999999995,76.71199999999999
2539.9999999999995,76.71199999999999
2549.9999999999995,76.71199999999999
2559.9999999999995,76.71199999999999
2569.9999999999995,76.71199999999999
2579.9999999999995,76.71199999999999
2589.9999999999995,76.71199999999999
2599.9999999999995,76.71199999999999
2609.9999999999995,76.71199999999999
2619.9999999999995,76.71199999999999
2629.9999999999995,76.71199999999999
2639.9999999999995,76.71199999999999
2649.9999999999995,76.71199999999999
2659.9999999999995,76.71199999999999
2669.9999999999995,76.71199999999999
2679.9999999999995,76.71199999999999
2689.9999999999995,76.71199999999999
2699.9999999999995,76.71199999999999
2709.9999999999995,76.71199999999999
2719.9999999999995,76.71199999999999
2729.9999999999995,76.71199999999999
2739.9999999999995,76.71199999999999
2749.9999999999995,76.71199999999999
2759.9999999999995,76.71199999999999
2769.9999999999995,76.71199999999999
2779.9999999999995,76.71199999999999
2789.9999999999995,76.71199999999999
2799.9999999999995,76.71199999999999
2809.9999999999995,76.71199999999999
2819.9999999999995,76.71199999999999
2829.9999999999995,76.71199999999999
2839.9999999999995,76.71199999999999
2849.9999999999995,76.71199999999999
2859.9999999999995,76.71199999999999
2869.9999999999995,76.71199999999999
2879.9999999999995,76.71199999999999
2889.9999999999995,76.71199999999999
2899.9999999999995,76.71199999999999
2909.9999999999995,76.71199999999999
2919.9999999999995,76.71199999999999
2929.9999999999995,76.71199999999999
2939.9999999999995,76.71199999999999
2949.9999999999995,76.71199999999999
2959.9999999999995,76.71199999999999
2969.9999999999995,76.71199999999999
2979.9999999999995,76.71199999999999
2989.9999999999995,76.71199999999999
2999.9999999999995,76.71199999999999
3009.9999999999995,76.71199999999999
3019.9999999999995,76.71199999999999
3029.9999999999995,76.71199999999999
3039.9999999999995,76.71199999999999
3049.9999999999995,76.71199999999999
3059.9999999999995,76.71199999999999
3069.9999999999995,76.71199999999999
3079.9999999999995,76.71199999999999
3089.9999999999995,76.71199999999999
3099.9999999999995,76.71199999999999
3109.9999999999995,76.71199999999999
3119.9999999999995,76.71199999999999
3129.9999999999995,76.71199999999999
3139.9999999999995,76.71199999999999
3149.9999999999995,76.71199999999999
3159.9999999999995,76.71199999999999
3169.9999999999995,76.71199999999999
3179.9999999999995,76.71199999999999
3189.9999999999995,76.71199999999999
3199.9999999999995,76.71199999999999
3209.9999999999995,76.71199999999999
3219.9999999999995,76.71199999999999
3229.9999999999995,76.71199999999999
3239.9999999999995,76.71199999999999
3249.9999999999995,76.71199999999999
3259.9999999999995,76.71199999999999
3269.9999999999995,76.71199999999999
3279.9999999999995,76.71199999999999
3289.9999999999995,76.71199999999999
3299.9999999999995,76.71199999999999
3309.9999999999995,76.71199999999999
3319.9999999999995,76.71199999999999
3329.9999999999995,76.71199999999999
3339.9999999999995,76.71199999999999
3349.9999999999995,76.71199999999999
3359.9999999999995,76.71199999999999
3369.9999999999995,76.71199999999999
3379.9999999999995,76.71199999999999
3389.9999999999995,76.71199999999999
3399.9999999999995,76.71199999999999
3409.9999999999995,76.71199999999999
3419.9999999999995,76.71199999999999
3429.9999999999995,76.71199999999999
3439.9999999999995,76.71199999999999
3449.9999999999995,76.71199999999999
3459.9999999999995,76.71199999999999
3469.9999999999995,76.71199999999999
3479.9999999999995,76.71199999999999
3489.9999999999995,76.71199999999999
3499.9999999999995,76.71199999999999
3509.9999999999995,76.71199999999999
3519.9999999999995,76.71199999999999
3529.9999999999995,76.71199999999999
3539.9999999999995,76.71199999999999
3549.9999999999995,76.71199999999999
3559.9999999999995,76.71199999999999
3569.9999999999995,76.71199999999999
3579.9999999999995,76.71199999999999
3589.9999999999995,76.71199999999999
3599.9999999999995,76.71199999999999
3609.9999999999995,76.71199999999999
3619.9999999999995,76.71199999999999
3629.9999999999995,76.71199999999999
3639.9999999999995,76.71199999999999
3649.9999999999995,76.71199999999999
3659.9999999999995,76.71199999999999
3669.9999999999995,76.71199999999999
3679.9999999999995,76.71199999999999
3689.9999999999995,76.71199999999999
3699.9999999999995,76.71199999999999
3709.9999999999995,76.71199999999999
3719.9999999999995,76.71199999999999
3729.9999999999995,76.71199999999999
3739.9999999999995,76.71199999999999
3749.9999999999995,76.71199999999999
3759.9999999999995,76.71199999999999
3769.9999999999995,76.71199999999999
3779.9999999999995,76.71199999999999
3789.9999999999995,76.71199999999999
3799.9999999999995,76.71199999999999
3809.9999999999995,76.71199999999999
3819.9999999999995,76.71199999999999
3829.9999999999995,76.71199999999999
3839.9999999999995,76.71199999999999
3849.9999999999995,76.71199999999999
3859.9999999999995,76.71199999999999
3869.9999999999995,76.71199999999999
3879.9999999999995,76.71199999999999
3889.9999999999995,76.71199999999999
3899.9999999999995,76.71199999999999
3909.9999999999995,76.71199999999999
3919.9999999999995,76.71199999999999
3929.9999999999995,76.71199999999999
3939.9999999999995,76.71199999999999
3949.9999999999995,76.71199999999999
3959.9999999999995,76.71199999999999
3969.9999999999995,76.71199999999999
3979.9999999999995,76.71199999999999
3989.9999999999995,76.71199999999999
3999.9999999999995,76.71199999999999
4009.9999999999995,76.71199999999999
4019.9999999999995,76.71199999999999
4029.9999999999995,76.71199999999999
4039.9999999999995,76.71199999999999
4049.9999999999995,76.71199999999999
4059.9999999999995,76.71199999999999
4069.9999999999995,76.71199999999999
4079.9999999999995,76.71199999999999
4089.9999999999995,76.71199999999999
4099.999999999999,76.71199999999999
4109.999999999999,76.71199999999999
4119.999999999999,76.71199999999999
4129.999999999999,76.71199999999999
4139.999999999999,76.71199999999999
4149.999999999999,76.71199999999999
4159.999999999999,76.71199999999999
4169.999999999999,76.71199999999999
4179.999999999999,76.71199999999999
4189.999999999999,76.71199999999999
4199.999999999999,76.71199999999999
4209.999999999999,76.71199999999999
4219.999999999999,76.71199999999999
4229.999999999999,76.71199999999999
4239.999999999999,76.71199999999999
4249.999999999999,76.71199999999999
4259.999999999999,76.71199999999999
4269.999999999999,76.71199999999999
4279.999999999999,76.71199999999999
4289.999999999999,76.71199999999999
4299.999999999999,76.71199999999999
4309.999999999999,76.71199999999999
4319.999999999999,76.71199999999999
4329.999999999999,76.71199999999999
4339.999999999999,76.71199999999999
4349.999999999999,76.71199999999999
4359.999999999999,76.71199999999999
4369.999999999999,76.71199999999999
4379.999999999999,76.71199999999999
4389.999999999999,76.71199999999999
4399.999999999999,76.71199999999999
4409.999999999999,76.71199999999999
4419.999999999999,76.71199999999999
4429.999999999999,76.71199999999999
4439.999999999999,76.71199999999999
4449.999999999999,76.71199999999999
4459.999999999999,76.71199999999999
4469.999999999999,76.71199999999999
4479.999999999999,76.71199999999999
4489.999999999999,76.71199999999999
4499.999999999999,76.71199999999999
4509.999999999999,76.71199999999999
4519.999999999999,76.71199999999999
4529.999999999999,76.71199999999999
4539.999999999999,76.71199999999999
4549.999999999999,76.71199999999999
4559.999999999999,76.71199999999999
4569.999999999999,76.71199999999999
4579.999999999999,76.71199999999999
4589.999999999999,76.71199999999999
4599.999999999999,76.71199999999999
4609.999999999999,76.71199999999999
4619.999999999999,76.71199999999999
4629.999999999999,76.71199999999999
4639.999999999999,76.71199999999999
4649.999999999999,76.71199999999999
4659.999999999999,76.71199999999999
4669.999999999999,76.71199999999999
4679.999999999999,76.71199999999999
4689.999999999999,76.71199999999999
4699.999999999999,76.71199999999999
4709.999999999999,76.71199999999999
4719.999999999999,76.71199999999999
4729.999999999999,76.71199999999999
4739.999999999999,76.71199999999999
4749.999999999999,76.71199999999999
4759.999999999999,76.71199999999999
4769.999999999999,76.71199999999999
4779.999999999999,76.71199999999999
4789.999999999999,76.71199999999999
4799.999999999999,76.71199999999999
4809.999999999999,76.71199999999999
4819.999999999999,76.71199999999999
4829.999999999999,76.71199999999999
4839.999999999999,76.71199999999999
4849.999999999999,76.71199999999999
4859.999999999999,76.71199999999999
4869.999999999999,76.71199999999999
4879.999999999999,76.71199999999999
4889.999999999999,76.71199999999999
4899.999999999999,76.71199999999999
4909.999999999999,76.71199999999999
4919.999999999999,76.71199999999999
4929.999999999999,76.71199999999999
4939.999999999999,76.71199999999999
4949.999999999999,76.71199999999999
4959.999999999999,76.71199999999999
4969.999999999999,76.71199999999999
4979.999999999999,76.71199999999999
4989.999999999999,76.71199999999999
4999.999999999999,76.71199999999999
5009.999999999999,76.71199999999999
5019.999999999999,76.71199999999999
5029.999999999999,76.71199999999999
5039.999999999999,76.71199999999999
5049.999999999999,76.71199999999999
5059.999999999999,76.71199999999999
5069.999999999999,76.71199999999999
5079.999999999999,76.71199999999999
5089.999999999999,76.71199999999999
5099.999999999999,76.71199999999999
5109.999999999999,76.71199999999999
5119.999999999999,76.71199999999999
5129.999999999999,76.71199999999999
5139.999999999999,76.71199999999999
5149.999999999999,76.71199999999999
5159.999999999999,76.71199999999999
5169.999999999999,76.71199999999999
5179.999999999999,76.71199999999999
5189.999999999999,76.71199999999999
5199.999999999999,76.71199999999999
5209.999999999999,76.71199999999999
5219.999999999999,76.71199999999999
5229.999999999999,76.71199999999999
5239.999999999999,76.71199999999999
5249.999999999999,76.71199999999999
5259.999999999999,76.71199999999999
5269.999999999999,76.71199999999999
5279.999999999999,76.71199999999999
5289.999999999999,76.71199999999999
5299.999999999999,76.71199999999999
5309.999999999999,76.71199999999999
5319.999999999999,76.71199999999999
5329.999999999999,76.71199999999999
5339.999999999999,76.71199999999999
5349.999999999999,76.71199999999999
5359.999999999999,76.71199999999999
5369.999999999999,76.71199999999999
5379.999999999999,76.71199999999999
5389.999999999999,76.71199999999999
5399.999999999999,76.71199999999999
5409.999999999999,76.71199999999999
5419.999999999999,76.71199999999999
5429.999999999999,76.71199999999999
5439.999999999999,76.71199999999999
5449.999999999999,76.71199999999999
5459.999999999999,76.71199999999999
5469.999999999999,76.71199999999999
5479.999999999999,76.71199999999999
5489.999999999999,76.71199999999999
5499.999999999999,76.71199999999999
5509.999999999999,76.71199999999999
5519.999999999999,76.71199999999999
5529.999999999999,76.71199999999999
5539.999999999999,76.71199999999999
5549.999999999999,76.71199999999999
5559.999999999999,76.71199999999999
5569.999999999999,76.71199999999999
5579.999999999999,76.71199999999999
5589.999999999999,76.71199999999999
5599.999999999999,76.71199999999999
5609.999999999999,76.71199999999999
5619.999999999999,76.71199999999999
5629.999999999999,76.71199999999999
5639.999999999999,76.71199999999999
5649.999999999999,76.71199999999999
5659.999999999999,76.71199999999999
5669.999999999999,76.71199999999999
5679.999999999999,76.71199999999999
5689.999999999999,76.71199999999999
5699.999999999999,76.71199999999999
5709.999999999999,76.71199999999999
5719.999999999999,76.71199999999999
5729.999999999999,76.71199999999999
5739.999999999999,76.71199999999999
5749.999999999999,76.71199999999999
5759.999999999999,76.71199999999999
5769.999999999999,76.71199999999999
5779.999999999999,76.71199999999999
5789.999999999999,76.71199999999999
5799.999999999999,76.71199999999999
5809.999999999999,76.71199999999999
5819.999999999999,76.71199999999999
5829.999999999999,76.71199999999999
5839.999999999999,76.71199999999999
5849.999999999999,76.71199999999999
5859.999999999999,76.71199999999999
5869.999999999999,76.71199999999999
5879.999999999999,76.71199999999999
5889.999999999999,76.71199999999999
5899.999999999999,76.71199999999999
5909.999999999999,76.71199999999999
5919.999999999999,76.71199999999999
5929.999999999999,76.71199999999999
5939.999999999999,76.71199999999999
5949.999999999999,76.71199999999999
5959.999999999999,76.71199999999999
5969.999999999999,76.71199999999999
5979.999999999999,76.71199999999999
5989.999999999999,76.71199999999999
5999.999999999999,76.71199999999999
6009.999999999999,76.71199999999999
6019.999999999999,76.71199999999999
6029.999999999999,76.71199999999999
6039.999999999999,76.71199999999999
6049.999999999999,76.71199999999999
6059.999999999999,76.71199999999999
6069.999999999999,76.71199999999999
6079.999999999999,76.71199999999999
6089.999999999999,76.71199999999999
6099.999999999999,76.71199999999999
6109.999999999999,76.71199999999999
6119.999999999999,76.71199999999999
6129.999999999999,76.71199999999999
6139.999999999999,76.71199999999999
6149.999999999999,76.71199999999999
6159.999999999999,76.71199999999999
6169.999999999999,76.71199999999999
6179.999999999999,76.71199999999999
6189.999999999999,76.71199999999999
6199.999999999999,76.71199999999999
6209.999999999999,76.71199999999999
6219.999999999999,76.71199999999999
6229.999999999999,76.71199999999999
6239.999999999999,76.71199999999999
6249.999999999999,76.71199999999999
6259.999999999999,76.71199999999999
6269.999999999999,76.71199999999999
6279.999999999999,76.71199999999999
6289.999999999999,76.71199999999999
6299.999999999999,76.71199999999999
6309.999999999999,76.71199999999999
6319.999999999999,76.71199999999999
6329.999999999999,76.71199999999999
6339.999999999999,76.71199999999999
6349.999999999999,76.71199999999999
6359.999999999999,76.71199999999999
6369.999999999999,76.71199999999999
6379.999999999999,76.71199999999999
6389.999999999999,76.71199999999999
6399.999999999999,76.71199999999999
6409.999999999999,76.71199999999999
6419.999999999999,76.71199999999999
6429.999999999999,76.71199999999999
6439.999999999999,76.71199999999999
6449.999999999999,76.71199999999999
6459.999999999999,76.71199999999999
6469.999999999999,76.71199999999999
6479.999999999999,76.71199999999999
6489.999999999999,76.71199999999999
6499.999999999999,76.71199999999999
6509.999999999999,76.71199999999999
6519.999999999999,76.71199999999999
6529.999999999999,76.71199999999999
6539.999999999999,76.71199999999999
6549.999999999999,76.71199999999999
6559.999999999999,76.71199999999999
6569.999999999999,76.71199999999999
6579.999999999999,76.71199999999999
6589.999999999999,76.71199999999999
6599.999999999999,76.71199999999999
6609.999999999999,76.71199999999999
6619.999999999999,76.71199999999999
6629.999999999999,76.71199999999999
6639.999999999999,76.71199999999999
6649.999999999999,76.71199999999999
6659.999999999999,76.71199999999999
6669.999999999999,76.71199999999999
6679.999999999999,76.71199999999999
6689.999999999999,76.71199999999999
6699.999999999999,76.71199999999999
6709.999999999999,76.71199999999999
6719.999999999999,76.71199999999999
6729.999999999999,76.71199999999999
6739.999999999999,76.71199999999999
6749.999999999999,76.71199999999999
6759.999999999999,76.71199999999999
6769.999999999999,76.71199999999999
6779.999999999999,76.71199999999999
6789.999999999999,76.71199999999999
6799.999999999999,76.71199999999999
6809.999999999999,76.71199999999999
6819.999999999999,76.71199999999999
6829.999999999999,76.71199999999999
6839.999999999999,76.71199999999999
6849.999999999999,76.71199999999999
6859.999999999999,76.71199999999999
6869.999999999999,76.71199999999999
6879.999999999999,76.71199999999999
6889.999999999999,76.71199999999999
6899.999999999999,76.71199999999999
6909.999999999999,76.71199999999999
6919.999999999999,76.71199999999999
6929.999999999999,76.71199999999999
6939.999999999999,76.71199999999999
6949.999999999999,76.71199999999999
6959.999999999999,76.71199999999999
6969.999999999999,76.71199999999999
6979.999999999999,76.71199999999999
6989.999999999999,76.71199999999999
6999.999999999999,76.71199999999999
7009.999999999999,76.71199999999999
7019.999999999999,76.71199999999999
7029.999999999999,76.71199999999999
7039.999999999999,76.71199999999999
7049.999999999999,76.71199999999999
7059.999999999999,76.71199999999999
7069.999999999999,76.71199999999999
7079.999999999999,76.71199999999999
7089.999999999999,76.71199999999999
7099.999999999999,76.71199999999999
7109.999999999999,76.71199999999999
7119.999999999999,76.71199999999999
7129.999999999999,76.71199999999999
7139.999999999999,76.71199999999999
7149.999999999999,76.71199999999999
7159.999999999999,76.71199999999999
7169.999999999999,76.71199999999999
7179.999999999999,76.71199999999999
7189.999999999999,76.71199999999999
7199.999999999999,76.71199999999999
7209.999999999999,76.71199999999999
7219.999999999999,76.71199999999999
7229.999999999999,76.71199999999999
7239.999999999999,76.71199999999999
7249.999999999999,76.71199999999999
7259.999999999999,76.71199999999999
7269.999999999999,76.71199999999999
7279.999999999999,76.71199999999999
7289.999999999999,76.71199999999999
7299.999999999999,76.71199999999999
7309.999999999999,76.71199999999999
7319.999999999999,76.71199999999999
7329.999999999999,76.71199999999999
7339.999999999999,76.71199999999999
7349.999999999999,76.71199999999999
7359.999999999999,76.71199999999999
7369.999999999999,76.71199999999999
7379.999999999999,76.71199999999999
7389.999999999999,76.71199999999999
7399.999999999999,76.71199999999999
7409.999999999999,76.71199999999999
7419.999999999999,76.71199999999999
7429.999999999999,76.71199999999999
7439.999999999999,76.71199999999999
7449.999999999999,76.71199999999999
7459.999999999999,76.71199999999999
7469.999999999999,76.71199999999999
7479.999999999999,76.71199999999999
7489.999999999999,76.71199999999999
7499.999999999999,76.71199999999999
7509.999999999999,76.71199999999999
7519.999999999999,76.71199999999999
7529.999999999999,76.71199999999999
7539.999999999999,76.71199999999999
7549.999999999999,76.71199999999999
7559.999999999999,76.71199999999999
7569.999999999999,76.71199999999999
7579.999999999999,76.71199999999999
7589.999999999999,76.71199999999999
7599.999999999999,76.71199999999999
7609.999999999999,76.71199999999999
7619.999999999999,76.71199999999999
7629.999999999999,76.71199999999999
7639.999999999999,76.71199999999999
7649.999999999999,76.71199999999999
7659.999999999999,76.71199999999999
7669.999999999999,76.71199999999999
7679.999999999999,76.71199999999999
7689.999999999999,76.71199999999999
7699.999999999999,76.71199999999999
7709.999999999999,76.71199999999999
7719.999999999999,76.71199999999999
7729.999999999999,76.71199999999999
7739.999999999999,76.71199999999999
7749.999999999999,76.71199999999999
7759.999999999999,76.71199999999999
7769.999999999999,76.71199999999999
7779.999999999999,76.71199999999999
7789.999999999999,76.71199999999999
7799.999999999999,76.71199999999999
7809.999999999999,76.71199999999999
7819.999999999999,76.71199999999999
7829.999999999999,76.71199999999999
7839.999999999999,76.71199999999999
7849.999999999999,76.71199999999999
7859.999999999999,76.71199999999999
7869.999999999999,76.71199999999999
7879.999999999999,76.71199999999999
7889.999999999999,76.71199999999999
7899.999999999999,76.71199999999999
7909.999999999999,76.71199999999999
7919.999999999999,76.71199999999999
7929.999999999999,76.71199999999999
7939.999999999999,76.71199999999999
7949.999999999999,76.71199999999999
7959.999999999999,76.71199999999999
7969.999999999999,76.71199999999999
7979.999999999999,76.71199999999999
7989.999999999999,76.71199999999999
7999.999999999999,76.71199999999999
8009.999999999999,76.71199999999999
8019.999999999999,76.71199999999999
8029.999999999999,76.71199999999999
8039.999999999999,76.71199999999999
8049.999999999999,76.71199999999999
8059.999999999999,76.71199999999999
8069.999999999999,76.71199999999999
8079.999999999999,76.71199999999999
8089.999999999999,76.71199999999999
8099.999999999999,76.71199999999999
8109.999999999999,76.71199999999999
8119.999999999999,76.71199999999999
8129.999999999999,76.71199999999999
8139.999999999999,76.71199999999999
8149.999999999999,76.71199999999999
8159.999999999999,76.71199999999999
8169.999999999999,76.71199999999999
8179.999999999999,76.71199999999999
8189.999999999999,76.71199999999999
8199.999999999998,76.71199999999999
8209.999999999998,76.71199999999999
8219.999999999998,76.71199999999999
8229.999999999998,76.71199999999999
8239.999999999998,76.71199999999999
8249.999999999998,76.71199999999999
8259.999999999998,76.71199999999999
8269.999999999998,76.71199999999999
8279.999999999998,76.71199999999999
8289.999999999998,76.71199999999999
8299.999999999998,76.71199999999999
8309.999999999998,76.71199999999999
8319.999999999998,76.71199999999999
8329.999999999998,76.71199999999999
8339.999999999998,76.71199999999999
8349.999999999998,76.71199999999999
8359.999999999998,76.71199999999999
8369.999999999998,76.71199999999999
8379.999999999998,76.71199999999999
8389.999999999998,76.71199999999999
8399.999999999998,76.71199999999999
8409.999999999998,76.71199999999999
8419.999999999998,76.71199999999999
8429.999999999998,76.71199999999999
8439.999999999998,76.71199999999999
8449.999999999998,76.71199999999999
8459.999999999998,76.71199999999999
8469.999999999998,76.71199999999999
8479.999999999998,76.71199999999999
8489.999999999998,76.71199999999999
8499.999999999998,76.71199999999999
8509.999999999998,76.71199999999999
8519.999999999998,76.71199999999999
8529.999999999998,76.71199999999999
8539.999999999998,76.71199999999999
8549.999999999998,76.71199999999999
8559.999999999998,76.71199999999999
8569.999999999998,76.71199999999999
8579.999999999998,76.71199999999999
8589.999999999998,76.71199999999999
8599.999999999998,76.71199999999999
8609.999999999998,76.71199999999999
8619.999999999998,76.71199999999999
8629.999999999998,76.71199999999999
8639.999999999998,76.71199999999999
8649.999999999998,76.71199999999999
8659.999999999998,76.71199999999999
8669.999999999998,76.71199999999999
8679.999999999998,76.71199999999999
8689.999999999998,76.71199999999999
8699.999999999998,76.71199999999999
8709.999999999998,76.71199999999999
8719.999999999998,76.71199999999999
8729.999999999998,76.71199999999999
8739.999999999998,76.71199999999999
8749.999999999998,76.71199999999999
8759.999999999998,76.71199999999999
8769.999999999998,76.71199999999999
8779.999999999998,76.71199999999999
8789.999999999998,76.71199999999999
8799.999999999998,76.71199999999999
8809.999999999998,76.71199999999999
8819.999999999998,76.71199999999999
8829.999999999998,76.71199999999999
8839.999999999998,76.71199999999999
8849.999999999998,76.71199999999999
8859.999999999998,76.71199999999999
8869.999999999998,76.71199999999999
8879.999999999998,76.71199999999999
8889.999999999998,76.71199999999999
8899.999999999998,76.71199999999999
8909.999999999998,76.71199999999999
8919.999999999998,76.71199999999999
8929.999999999998,76.71199999999999
8939.999999999998,76.71199999999999
8949.999999999998,76.71199999999999
8959.999999999998,76.71199999999999
8969.999999999998,76.71199999999999
8979.999999999998,76.71199999999999
8989.999999999998,76.71199999999999
8999.999999999998,76.71199999999999
9009.999999999998,76.71199999999999
9019.999999999998,76.71199999999999
9029.999999999998,76.71199999999999
9039.999999999998,76.71199999999999
9049.999999999998,76.71199999999999
9059.999999999998,76.71199999999999
9069.999999999998,76.71199999999999
9079.999999999998,76.71199999999999
9089.999999999998,76.71199999999999
9099.999999999998,76.71199999999999
9109.999999999998,76.71199999999999
9119.999999999998,76.71199999999999
9129.999999999998,76.71199999999999
9139.999999999998,76.71199999999999
9149.999999999998,76.71199999999999
9159.999999999998,76.71199999999999
9169.999999999998,76.71199999999999
9179.999999999998,76.71199999999999
9189.999999999998,76.71199999999999
9199.999999999998,76.71199999999999
9209.999999999998,76.71199999999999
9219.999999999998,76.71199999999999
9229.999999999998,76.71199999999999
9239.999999999998,76.71199999999999
9249.999999999998,76.71199999999999
9259.999999999998,76.71199999999999
9269.999999999998,76.71199999999999
9279.999999999998,76.71199999999999
9289.999999999998,76.71199999999999
9299.999999999998,76.71199999999999
9309.999999999998,76.71199999999999
9319.999999999998,76.71199999999999
9329.999999999998,76.71199999999999
9339.999999999998,76.71199999999999
9349.999999999998,76.71199999999999
9359.999999999998,76.71199999999999
9369.999999999998,76.71199999999999
9379.999999999998,76.71199999999999
9389.999999999998,76.71199999999999
9399.999999999998,76.71199999999999
9409.999999999998,76.71199999999999
9419.999999999998,76.71199999999999
9429.999999999998,76.71199999999999
9439.999999999998,76.71199999999999
9449.999999999998,76.71199999999999
9459.999999999998,76.71199999999999
9469.999999999998,76.71199999999999
9479.999999999998,76.71199999999999
9489.999999999998,76.71199999999999
9499.999999999998,76.71199999999999
9509.999999999998,76.71199999999999
9519.999999999998,76.71199999999999
9529.999999999998,76.71199999999999
9539.999999999998,76.71199999999999
9549.999999999998,76.71199999999999
9559.999999999998,76.71199999999999
9569.999999999998,76.71199999999999
9579.999999999998,76.71199999999999
9589.999999999998,76.71199999999999
9599.999999999998,76.71199999999999
9609.999999999998,76.71199999999999
9619.999999999998,76.71199999999999
9629.999999999998,76.71199999999999
9639.999999999998,76.71199999999999
9649.999999999998,76.71199999999999
9659.999999999998,76.71199999999999
9669.999999999998,76.71199999999999
9679.999999999998,76.71199999999999
9689.999999999998,76.71199999999999
9699.999999999998,76.71199999999999
9709.999999999998,76.71199999999999
9719.999999999998,76.71199999999999
9729.999999999998,76.71199999999999
9739.999999999998,76.71199999999999
9749.999999999998,76.71199999999999
9759.999999999998,76.71199999999999
9769.999999999998,76.71199999999999
9779.999999999998,76.71199999999999
9789.999999999998,76.71199999999999
9799.999999999998,76.71199999999999
9809.999999999998,76.71199999999999
9819.999999999998,76.71199999999999
9829.999999999998,76.71199999999999
9839.999999999998,76.71199999999999
9849.999999999998,76.71199999999999
9859.999999999998,76.71199999999999
9869.999999999998,76.71199999999999
9879.999999999998,76.71199999999999
9889.999999999998,76.71199999999999
9899.999999999998,76.71199999999999
9909.999999999998,76.71199999999999
9919.999999999998,76.71199999999999
9929.999999999998,76.71199999999999
9939.999999999998,76.71199999999999
9949.999999999998,76.71199999999999
9959.999999999998,76.71199999999999
9969.999999999998,76.71199999999999
9979.999999999998,76.71199999999999
9989.999999999998,76.71199999999999
9999.999999999998,76.71199999999999
10009.999999999998,76.71199999999999
10019.999999999998,76.71199999999999
10029.999999999998,76.71199999999999
10039.999999999998,76.71199999999999
10049.999999999998,76.71199999999999
10059.999999999998,76.71199999999999
10069.999999999998,76.71199999999999
10079.999999999998,76.71199999999999
10089.999999999998,76.71199999999999
10099.999999999998,76.71199999999999
10109.999999999998,76.71199999999999
10119.999999999998,76.71199999999999
10129.999999999998,76.71199999999999
10139.999999999998,76.71199999999999
10149.999999999998,76.71199999999999
10159.999999999998,76.71199999999999
10169.999999999998,76.71199999999999
10179.999999999998,76.71199999999999
10189.999999999998,76.71199999999999
10199.999999999998,76.71199999999999
10209.999999999998,76.71199999999999
10219.999999999998,76.71199999999999
10229.999999999998,76.71199999999999
10239.999999999998,76.71199999999999
10249.999999999998,76.71199999999999
10259.999999999998,76.71199999999999
10269.999999999998,76.71199999999999
10279.999999999998,76.71199999999999
10289.999999999998,76.71199999999999
10299.999999999998,76.71199999999999
10309.999999999998,76.71199999999999
10319.999999999998,76.71199999999999
10329.999999999998,76.71199999999999
10339.999999999998,76.71199999999999
10349.999999999998,76.71199999999999
10359.999999999998,76.71199999999999
10369.999999999998,76.71199999999999
10379.999999999998,76.71199999999999
10389.999999999998,76.71199999999999
10399.999999999998,76.71199999999999
10409.999999999998,76.71199999999999
10419.999999999998,76.71199999999999
10429.999999999998,76.71199999999999
10439.999999999998,76.71199999999999
10449.999999999998,76.71199999999999
10459.999999999998,76.71199999999999
10469.999999999998,76.71199999999999
10479.999999999998,76.71199999999999
10489.999999999998,76.71199999999999
10499.999999999998,76.71199999999999
10509.999999999998,76.71199999999999
10519.999999999998,76.71199999999999
10529.999999999998,76.71199999999999
10539.999999999998,76.71199999999999
10549.999999999998,76.71199999999999
10559.999999999998,76.71199999999999
10569.999999999998,76.71199999999999
10579.999999999998,76.71199999999999
10589.999999999998,76.71199999999999
10599.999999999998,76.71199999999999
10609.999999999998,76.71199999999999
10619.999999999998,76.71199999999999
10629.999999999998,76.71199999999999
10639.999999999998,76.71199999999999
10649.999999999998,76.71199999999999
10659.999999999998,76.71199999999999
10669.999999999998,76.71199999999999
10679.999999999998,76.71199999999999
10689.999999999998,76.71199999999999
10699.999999999998,76.71199999999999
10709.999999999998,76.71199999999999
10719.999999999998,76.71199999999999
10729.999999999998,76.71199999999999
10739.999999999998,76.71199999999999
10749.999999999998,76.71199999999999
10759.999999999998,76.71199999999999
10769.999999999998,76.71199999999999
10779.999999999998,76.71199999999999
10789.999999999998,76.71199999999999
10799.999999999998,76.71199999999999
10809.999999999998,76.71199999999999
10819.999999999998,76.71199999999999
10829.999999999998,76.71199999999999
10839.999999999998,76.71199999999999
10849.999999999998,76.71199999999999
10859.999999999998,76.71199999999999
10869.999999999998,76.71199999999999
10879.999999999998,76.71199999999999
10889.999999999998,76.71199999999999
10899.999999999998,76.71199999999999
10909.999999999998,76.71199999999999
10919.999999999998,76.71199999999999
10929.999999999998,76.71199999999999
10939.999999999998,76.71199999999999
10949.999999999998,76.71199999999999
10959.999999999998,76.71199999999999
10969.999999999998,76.71199999999999
10979.999999999998,76.71199999999999
10989.999999999998,76.71199999999999
10999.999999999998,76.71199999999999
11009.999999999998,76.71199999999999
11019.999999999998,76.71199999999999
11029.999999999998,76.71199999999999
11039.999999999998,76.71199999999999
11049.999999999998,76.71199999999999
11059.999999999998,76.71199999999999
11069.999999999998,76.71199999999999
11079.999999999998,76.71199999999999
11089.999999999998,76.71199999999999
11099.999999999998,76.71199999999999
11109.999999999998,76.71199999999999
11119.999999999998,76.71199999999999
11129.999999999998,76.71199999999999
11139.999999999998,76.71199999999999
11149.999999999998,76.71199999999999
11159.999999999998,76.71199999999999
11169.999999999998,76.71199999999999
11179.999999999998,76.71199999999999
11189.999999999998,76.71199999999999
11199.999999999998,76.71199999999999
11209.999999999998,76.71199999999999
11219.999999999998,76.71199999999999
11229.999999999998,76.71199999999999
11239.999999999998,76.71199999999999
11249.999999999998,76.71199999999999
11259.999999999998,76.71199999999999
11269.999999999998,76.71199999999999
11279.999999999998,76.71199999999999
11289.999999999998,76.71199999999999
11299.999999999998,76.71199999999999
11309.999999999998,76.71199999999999
11319.999999999998,76.71199999999999
11329.999999999998,76.71199999999999
11339.999999999998,76.71199999999999
11349.999999999998,76.71199999999999
11359.999999999998,76.71199999999999
11369.999999999998,76.71199999999999
11379.999999999998,76.71199999999999
11389.999999999998,76.71199999999999
11399.999999999998,76.71199999999999
11409.999999999998,76.71199999999999
11419.999999999998,76.71199999999999
11429.999999999998,76.71199999999999
11439.999999999998,76.71199999999999
11449.999999999998,76.71199999999999
11459.999999999998,76.71199999999999
11469.999999999998,76.71199999999999
11479.999999999998,76.71199999999999
11489.999999999998,76.71199999999999
11499.999999999998,76.71199999999999
11509.999999999998,76.71199999999999
11519.999999999998,76.71199999999999
11529.999999999998,76.71199999999999
11539.999999999998,76.71199999999999
11549.999999999998,76.71199999999999
11559.999999999998,76.71199999999999
11569.999999999998,76.71199999999999
11579.999999999998,76.71199999999999
11589.999999999998,76.71199999999999
11599.999999999998,76.71199999999999
11609.999999999998,76.71199999999999
11619.999999999998,76.71199999999999
11629.999999999998,76.71199999999999
11639.999999999998,76.71199999999999
11649.999999999998,76.71199999999999
11659.999999999998,76.71199999999999
11669.999999999998,76.71199999999999
11679.999999999998,76.71199999999999
11689.999999999998,76.71199999999999
11699.999999999998,76.71199999999999
11709.999999999998,76.71199999999999
11719.999999999998,76.71199999999999
11729.999999999998,76.71199999999999
11739.999999999998,76.71199999999999
11749.999999999998,76.71199999999999
11759.999999999998,76.71199999999999
11769.999999999998,76.71199999999999
11779.999999999998,76.71199999999999
11789.999999999998,76.71199999999999
11799.999999999998,76.71199999999999
11809.999999999998,76.71199999999999
11819.999999999998,76.71199999999999
11829.999999999998,76.71199999999999
11839.999999999998,76.71199999999999
11849.999999999998,76.71199999999999
11859.999999999998,76.71199999999999
11869.999999999998,76.71199999999999
11879.999999999998,76.71199999999999
11889.999999999998,76.71199999999999
11899.999999999998,76.71199999999999
11909.999999999998,76.71199999999999
11919.999999999998,76.71199999999999
11929.999999999998,76.71199999999999
11939.999999999998,76.71199999999999
11949.999999999998,76.71199999999999
11959.999999999998,76.71199999999999
11969.999999999998,76.71199999999999
11979.999999999998,76.71199999999999
11989.999999999998,76.71199999999999
11999.999999999998,76.71199999999999
12009.999999999998,76.71199999999999
12019.999999999998,76.71199999999999
12029.999999999998,76.71199999999999
12039.999999999998,76.71199999999999
12049.999999999998,76.71199999999999
12059.999999999998,76.71199999999999
12069.999999999998,76.71199999999999
12079.999999999998,76.71199999999999
12089.999999999998,76.71199999999999
12099.999999999998,76.71199999999999
12109.999999999998,76.71199999999999
12119.999999999998,76.71199999999999
12129.999999999998,76.71199999999999
12139.999999999998,76.71199999999999
12149.999999999998,76.71199999999999
12159.999999999998,76.71199999999999
12169.999999999998,76.71199999999999
12179.999999999998,76.71199999999999
12189.999999999998,76.71199999999999
12199.999999999998,76.71199999999999
12209.999999999998,76.71199999999999
12219.999999999998,76.71199999999999
12229.999999999998,76.71199999999999
12239.999999999998,76.71199999999999
12249.999999999998,76.71199999999999
12259.999999999998,76.71199999999999
12269.999999999998,76.71199999999999
12279.999999999998,76.71199999999999
12289.999999999998,76.71199999999999
12299.999999999998,76.71199999999999
12309.999999999998,76.71199999999999
12319.999999999998,76.71199999999999
12329.999999999998,76.71199999999999
12339.999999999998,76.71199999999999
12349.999999999998,76.71199999999999
12359.999999999998,76.71199999999999
12369.999999999998,76.71199999999999
12379.999999999998,76.71199999999999
12389.999999999998,76.71199999999999
12399.999999999998,76.71199999999999
12409.999999999998,76.71199999999999
12419.999999999998,76.71199999999999
12429.999999999998,76.71199999999999
12439.999999999998,76.71199999999999
12449.999999999998,76.71199999999999
12459.999999999998,76.71199999999999
12469.999999999998,76.71199999999999
12479.999999999998,76.71199999999999
12489.999999999998,76.71199999999999
12499.999999999998,76.71199999999999
12509.999999999998,76.71199999999999
12519.999999999998,76.71199999999999
12529.999999999998,76.71199999999999
12539.999999999998,76.71199999999999
12549.999999999998,76.71199999999999
12559.999999999998,76.71199999999999
12569.999999999998,76.71199999999999
12579.999999999998,76.71199999999999
12589.999999999998,76.71199999999999
12599.999999999998,76.71199999999999
12609.999999999998,76.71199999999999
12619.999999999998,76.71199999999999
12629.999999999998,76.71199999999999
12639.999999999998,76.71199999999999
12649.999999999998,76.71199999999999
12659.999999999998,76.71199999999999
12669.999999999998,76.71199999999999
12679.999999999998,76.71199999999999
12689.999999999998,76.71199999999999
12699.999999999998,76.71199999999999
12709.999999999998,76.71199999999999
12719.999999999998,76.71199999999999
12729.999999999998,76.71199999999999
12739.999999999998,76.71199999999999
12749.999999999998,76.71199999999999
12759.999999999998,76.71199999999999
12769.999999999998,76.71199999999999
12779.999999999998,76.71199999999999
12789.999999999998,76.71199999999999
12799.999999999998,76.71199999999999
12809.999999999998,76.71199999999999
12819.999999999998,76.71199999999999
12829.999999999998,76.71199999999999
12839.999999999998,76.71199999999999
12849.999999999998,76.71199999999999
12859.999999999998,76.71199999999999
12869.999999999998,76.71199999999999
12879.999999999998,76.71199999999999
12889.999999999998,76.71199999999999
12899.999999999998,76.71199999999999
12909.999999999998,76.71199999999999
12919.999999999998,76.71199999999999
12929.999999999998,76.71199999999999
12939.999999999998,76.71199999999999
12949.999999999998,76.71199999999999
12959.999999999998,76.71199999999999
12969.999999999998,76.71199999999999
12979.999999999998,76.71199999999999
12989.999999999998,76.71199999999999
12999.999999999998,76.71199999999999
13009.999999999998,76.71199999999999
13019.999999999998,76.71199999999999
13029.999999999998,76.71199999999999
13039.999999999998,76.71199999999999
13049.999999999998,76.71199999999999
13059.999999999998,76.71199999999999
13069.999999999998,76.71199999999999
13079.999999999998,76.71199999999999
13089.999999999998,76.71199999999999
13099.999999999998,76.71199999999999
13109.999999999998,76.71199999999999
13119.999999999998,76.71199999999999
13129.999999999998,76.71199999999999
13139.999999999998,76.71199999999999
13149.999999999998,76.71199999999999
13159.999999999998,76.71199999999999
13169.999999999998,76.71199999999999
13179.999999999998,76.71199999999999
13189.999999999998,76.71199999999999
13199.999999999998,76.71199999999999
13209.999999999998,76.71199999999999
13219.999999999998,76.71199999999999
13229.999999999998,76.71199999999999
13239.999999999998,76.71199999999999
13249.999999999998,76.71199999999999
13259.999999999998,76.71199999999999
13269.999999999998,76.71199999999999
13279.999999999998,76.71199999999999
13289.999999999998,76.71199999999999
13299.999999999998,76.71199999999999
13309.999999999998,76.71199999999999
13319.999999999998,76.71199999999999
13329.999999999998,76.71199999999999
13339.999999999998,76.71199999999999
13349.999999999998,76.71199999999999
13359.999999999998,76.71199999999999
13369.999999999998,76.71199999999999
13379.999999999998,76.71199999999999
13389.999999999998,76.71199999999999
13399.999999999998,76.71199999999999
13409.999999999998,76.71199999999999
13419.999999999998,76.71199999999999
13429.999999999998,76.71199999999999
13439.999999999998,76.71199999999999
13449.999999999998,76.71199999999999
13459.999999999998,76.71199999999999
13469.999999999998,76.71199999999999
13479.999999999998,76.71199999999999
13489.999999999998,76.71199999999999
13499.999999999998,76.71199999999999
13509.999999999998,76.71199999999999
13519.999999999998,76.71199999999999
13529.999999999998,76.71199999999999
13539.999999999998,76.71199999999999
13549.999999999998,76.71199999999999
13559.999999999998,76.71199999999999
13569.999999999998,76.71199999999999
13579.999999999998,76.71199999999999
13589.999999999998,76.71199999999999
13599.999999999998,76.71199999999999
13609.999999999998,76.71199999999999
13619.999999999998,76.71199999999999
13629.999999999998,76.71199999999999
13639.999999999998,76.71199999999999
13649.999999999998,76.71199999999999
13659.999999999998,76.71199999999999
13669.999999999998,76.71199999999999
13679.999999999998,76.71199999999999
13689.999999999998,76.71199999999999
13699.999999999998,76.71199999999999
13709.999999999998,76.71199999999999
13719.999999999998,76.71199999999999
13729.999999999998,76.71199999999999
13739.999999999998,76.71199999999999
13749.999999999998,76.71199999999999
13759.999999999998,76.71199999999999
13769.999999999998,76.71199999999999
13779.999999999998,76.71199999999999
13789.999999999998,76.71199999999999
13799.999999999998,76.71199999999999
13809.999999999998,76.71199999999999
13819.999999999998,76.71199999999999
13829.999999999998,76.71199999999999
13839.999999999998,76.71199999999999
13849.999999999998,76.71199999999999
13859.999999999998,76.71199999999999
13869.999999999998,76.71199999999999
13879.999999999998,76.71199999999999
13889.999999999998,76.71199999999999
13899.999999999998,76.71199999999999
13909.999999999998,76.71199999999999
13919.999999999998,76.71199999999999
13929.999999999998,76.71199999999999
13939.999999999998,76.71199999999999
13949.999999999998,76.71199999999999
13959.999999999998,76.71199999999999
13969.999999999998,76.71199999999999
13979.999999999998,76.71199999999999
13989.999999999998,76.71199999999999
13999.999999999998,76.71199999999999
14009.999999999998,76.71199999999999
14019.999999999998,76.71199999999999
14029.999999999998,76.71199999999999
14039.999999999998,76.71199999999999
14049.999999999998,76.71199999999999
14059.999999999998,76.71199999999999
14069.999999999998,76.71199999999999
14079.999999999998,76.71199999999999
14089.999999999998,76.71199999999999
14099.999999999998,76.71199999999999
14109.999999999998,76.71199999999999
14119.999999999998,76.71199999999999
14129.999999999998,76.71199999999999
14139.999999999998,76.71199999999999
14149.999999999998,76.71199999999999
14159.999999999998,76.71199999999999
14169.999999999998,76.71199999999999
14179.999999999998,76.71199999999999
14189.999999999998,76.71199999999999
14199.999999999998,76.71199999999999
14209.999999999998,76.71199999999999
14219.999999999998,76.71199999999999
14229.999999999998,76.71199999999999
14239.999999999998,76.71199999999999
14249.999999999998,76.71199999999999
14259.999999999998,76.71199999999999
14269.999999999998,76.71199999999999
14279.999999999998,76.71199999999999
14289.999999999998,76.71199999999999
14299.999999999998,76.71199999999999
14309.999999999998,76.71199999999999
14319.999999999998,76.71199999999999
14329.999999999998,76.71199999999999
14339.999999999998,76.71199999999999
14349.999999999998,76.71199999999999
14359.999999999998,76.71199999999999
14369.999999999998,76.71199999999999
14379.999999999998,76.71199999999999
14389.999999999998,76.71199999999999
14399.999999999998,76.71199999999999
14409.999999999998,76.71199999999999
14419.999999999998,76.71199999999999
14429.999999999998,76.71199999999999
14439.999999999998,76.71199999999999
14449.999999999998,76.71199999999999
14459.999999999998,76.71199999999999
14469.999999999998,76.71199999999999
14479.999999999998,76.71199999999999
14489.999999999998,76.71199999999999
14499.999999999998,76.71199999999999
14509.999999999998,76.71199999999999
14519.999999999998,76.71199999999999
14529.999999999998,76.71199999999999
14539.999999999998,76.71199999999999
14549.999999999998,76.71199999999999
14559.999999999998,76.71199999999999
14569.999999999998,76.71199999999999
14579.999999999998,76.71199999999999
14589.999999999998,76.71199999999999
14599.999999999998,76.71199999999999
14609.999999999998,76.71199999999999
14619.999999999998,76.71199999999999
14629.999999999998,76.71199999999999
14639.999999999998,76.71199999999999
14649.999999999998,76.71199999999999
14659.999999999998,76.71199999999999
14669.999999999998,76.71199999999999
14679.999999999998,76.71199999999999
14689.999999999998,76.71199999999999
14699.999999999998,76.71199999999999
14709.999999999998,76.71199999999999
14719.999999999998,76.71199999999999
14729.999999999998,76.71199999999999
14739.999999999998,76.71199999999999
14749.999999999998,76.71199999999999
14759.999999999998,76.71199999999999
14769.999999999998,76.71199999999999
14779.999999999998,76.71199999999999
14789.999999999998,76.71199999999999
14799.999999999998,76.71199999999999
14809.999999999998,76.71199999999999
14819.999999999998,76.71199999999999
14829.999999999998,76.71199999999999
14839.999999999998,76.71199999999999
14849.999999999998,76.71199999999999
14859.999999999998,76.71199999999999
14869.999999999998,76.71199999999999
14879.999999999998,76.71199999999999
14889.999999999998,76.71199999999999
14899.999999999998,76.71199999999999
14909.999999999998,76.71199999999999
14919.999999999998,76.71199999999999
14929.999999999998,76.71199999999999
14939.999999999998,76.71199999999999
14949.999999999998,76.71199999999999
14959.999999999998,76.71199999999999
14969.999999999998,76.71199999999999
14979.999999999998,76.71199999999999
14989.999999999998,76.71199999999999
14999.999999999998,76.71199999999999
15009.999999999998,76.71199999999999
15019.999999999998,76.71199999999999
15029.999999999998,76.71199999999999
15039.999999999998,76.71199999999999
15049.999999999998,76.71199999999999
15059.999999999998,76.71199999999999
15069.999999999998,76.71199999999999
15079.999999999998,76.71199999999999
15089.999999999998,76.71199999999999
15099.999999999998,76.71199999999999
15109.999999999998,76.71199999999999
15119.999999999998,76.71199999999999
15129.999999999998,76.71199999999999
15139.999999999998,76.71199999999999
15149.999999999998,76.71199999999999
15159.999999999998,76.71199999999999
15169.999999999998,76.71199999999999
15179.999999999998,76.71199999999999
15189.999999999998,76.71199999999999
15199.999999999998,76.71199999999999
15209.999999999998,76.71199999999999
15219.999999999998,76.71199999999999
15229.999999999998,76.71199999999999
15239.999999999998,76.71199999999999
15249.999999999998,76.71199999999999
15259.999999999998,76.71199999999999
15269.999999999998,76.71199999999999
15279.999999999998,76.71199999999999
15289.999999999998,76.71199999999999
15299.999999999998,76.71199999999999
15309.999999999998,76.71199999999999
15319.999999999998,76.71199999999999
15329.999999999998,76.71199999999999
15339.999999999998,76.71199999999999
15349.999999999998,76.71199999999999
15359.999999999998,76.71199999999999
15369.999999999998,76.71199999999999
15379.999999999998,76.71199999999999
15389.999999999998,76.71199999999999
15399.999999999998,76.71199999999999
15409.999999999998,76.71199999999999
15419.999999999998,76.71199999999999
15429.999999999998,76.71199999999999
15439.999999999998,76.71199999999999
15449.999999999998,76.71199999999999
15459.999999999998,76.71199999999999
15469.999999999998,76.71199999999999
15479.999999999998,76.71199999999999
15489.999999999998,76.71199999999999
15499.999999999998,76.71199999999999
15509.999999999998,76.71199999999999
15519.999999999998,76.71199999999999
15529.999999999998,76.71199999999999
15539.999999999998,76.71199999999999
15549.999999999998,76.71199999999999
15559.999999999998,76.71199999999999
15569.999999999998,76.71199999999999
15579.999999999998,76.71199999999999
15589.999999999998,76.71199999999999
15599.999999999998,76.71199999999999
15609.999999999998,76.71199999999999
15619.999999999998,76.71199999999999
15629.999999999998,76.71199999999999
15639.999999999998,76.71199999999999
15649.999999999998,76.71199999999999
15659.999999999998,76.71199999999999
15669.999999999998,76.71199999999999
15679.999999999998,76.71199999999999
15689.999999999998,76.71199999999999
15699.999999999998,76.71199999999999
15709.999999999998,76.71199999999999
15719.999999999998,76.71199999999999
15729.999999999998,76.71199999999999
15739.999999999998,76.71199999999999
15749.999999999998,76.71199999999999
15759.999999999998,76.71199999999999
15769.999999999998,76.71199999999999
15779.999999999998,76.71199999999999
15789.999999999998,76.71199999999999
15799.999999999998,76.71199999999999
15809.999999999998,76.71199999999999
15819.999999999998,76.71199999999999
15829.999999999998,76.71199999999999
15839.999999999998,76.71199999999999
15849.999999999998,76.71199999999999
15859.999999999998,76.71199999999999
15869.999999999998,76.71199999999999
15879.999999999998,76.71199999999999
15889.999999999998,76.71199999999999
15899.999999999998,76.71199999999999
15909.999999999998,76.71199999999999
15919.999999999998,76.71199999999999
15929.999999999998,76.71199999999999
15939.999999999998,76.71199999999999
15949.999999999998,76.71199999999999
15959.999999999998,76.71199999999999
15969.999999999998,76.71199999999999
15979.999999999998,76.71199999999999
15989.999999999998,76.71199999999999
15999.999999999998,76.71199999999999
16009.999999999998,76.71199999999999
16019.999999999998,76.71199999999999
16029.999999999998,76.71199999999999
16039.999999999998,76.71199999999999
16049.999999999998,76.71199999999999
16059.999999999998,76.71199999999999
16069.999999999998,76.71199999999999
16079.999999999998,76.71199999999999
16089.999999999998,76.71199999999999
16099.999999999998,76.71199999999999
16109.999999999998,76.71199999999999
16119.999999999998,76.71199999999999
16129.999999999998,76.71199999999999
16139.999999999998,76.71199999999999
16149.999999999998,76.71199999999999
16159.999999999998,76.71199999999999
16169.999999999998,76.71199999999999
16179.999999999998,76.71199999999999
16189.999999999998,76.71199999999999
16199.999999999998,76.71199999999999
16209.999999999998,76.71199999999999
16219.999999999998,76.71199999999999
16229.999999999998,76.71199999999999
16239.999999999998,76.71199999999999
16249.999999999998,76.71199999999999
16259.999999999998,76.71199999999999
16269.999999999998,76.71199999999999
16279.999999999998,76.71199999999999
16289.999999999998,76.71199999999999
16299.999999999998,76.71199999999999
16309.999999999998,76.71199999999999
16319.999999999998,76.71199999999999
16329.999999999998,76.71199999999999
16339.999999999998,76.71199999999999
16349.999999999998,76.71199999999999
16359.999999999998,76.71199999999999
16369.999999999998,76.71199999999999
16379.999999999998,76.71199999999999
16389.999999999996,76.71199999999999
16399.999999999996,76.71199999999999
16409.999999999996,76.71199999999999
16419.999999999996,76.71199999999999
16429.999999999996,76.71199999999999
16439.999999999996,76.71199999999999
16449.999999999996,76.71199999999999
16459.999999999996,76.71199999999999
16469.999999999996,76.71199999999999
16479.999999999996,76.71199999999999
16489.999999999996,76.71199999999999
16499.999999999996,76.71199999999999
16509.999999999996,76.71199999999999
16519.999999999996,76.71199999999999
16529.999999999996,76.71199999999999
16539.999999999996,76.71199999999999
16549.999999999996,76.71199999999999
16559.999999999996,76.71199999999999
16569.999999999996,76.71199999999999
16579.999999999996,76.71199999999999
16589.999999999996,76.71199999999999
16599.999999999996,76.71199999999999
16609.999999999996,76.71199999999999
16619.999999999996,76.71199999999999
16629.999999999996,76.71199999999999
16639.999999999996,76.71199999999999
16649.999999999996,76.71199999999999
16659.999999999996,76.71199999999999
16669.999999999996,76.71199999999999
16679.999999999996,76.71199999999999
16689.999999999996,76.71199999999999
16699.999999999996,76.71199999999999
16709.999999999996,76.71199999999999
16719.999999999996,76.71199999999999
16729.999999999996,76.71199999999999
16739.999999999996,76.71199999999999
16749.999999999996,76.71199999999999
16759.999999999996,76.71199999999999
16769.999999999996,76.71199999999999
16779.999999999996,76.71199999999999
16789.999999999996,76.71199999999999
16799.999999999996,76.71199999999999
16809.999999999996,76.71199999999999
16819.999999999996,76.71199999999999
16829.999999999996,76.71199999999999
16839.999999999996,76.71199999999999
16849.999999999996,76.71199999999999
16859.999999999996,76.71199999999999
16869.999999999996,76.71199999999999
16879.999999999996,76.71199999999999
16889.999999999996,76.71199999999999
16899.999999999996,76.71199999999999
16909.999999999996,76.71199999999999
16919.999999999996,76.71199999999999
16929.999999999996,76.71199999999999
16939.999999999996,76.71199999999999
16949.999999999996,76.71199999999999
16959.999999999996,76.71199999999999
16969.999999999996,76.71199999999999
16979.999999999996,76.71199999999999
16989.999999999996,76.71199999999999
16999.999999999996,76.71199999999999
17009.999999999996,76.71199999999999
17019.999999999996,76.71199999999999
17029.999999999996,76.71199999999999
17039.999999999996,76.71199999999999
17049.999999999996,76.71199999999999
17059.999999999996,76.71199999999999
17069.999999999996,76.71199999999999
17079.999999999996,76.71199999999999
17089.999999999996,76.71199999999999
17099.999999999996,76.71199999999999
17109.999999999996,76.71199999999999
17119.999999999996,76.71199999999999
17129.999999999996,76.71199999999999
17139.999999999996,76.71199999999999
17149.999999999996,76.71199999999999
17159.999999999996,76.71199999999999
17169.999999999996,76.71199999999999
17179.999999999996,76.71199999999999
17189.999999999996,76.71199999999999
17199.999999999996,76.71199999999999
17209.999999999996,76.71199999999999
17219.999999999996,76.71199999999999
17229.999999999996,76.71199999999999
17239.999999999996,76.71199999999999
17249.999999999996,76.71199999999999
17259.999999999996,76.71199999999999
17269.999999999996,76.71199999999999
17279.999999999996,76.71199999999999
17289.999999999996,76.71199999999999
17299.999999999996,76.71199999999999
17309.999999999996,76.71199999999999
17319.999999999996,76.71199999999999
17329.999999999996,76.71199999999999
17339.999999999996,76.71199999999999
17349.999999999996,76.71199999999999
17359.999999999996,76.71199999999999
17369.999999999996,76.71199999999999
17379.999999999996,76.71199999999999
17389.999999999996,76.71199999999999
17399.999999999996,76.71199999999999
17409.999999999996,76.71199999999999
17419.999999999996,76.71199999999999
17429.999999999996,76.71199999999999
17439.999999999996,76.71199999999999
17449.999999999996,76.71199999999999
17459.999999999996,76.71199999999999
17469.999999999996,76.71199999999999
17479.999999999996,76.71199999999999
17489.999999999996,76.71199999999999
17499.999999999996,76.71199999999999
17509.999999999996,76.71199999999999
17519.999999999996,76.71199999999999
17529.999999999996,76.71199999999999
17539.999999999996,76.71199999999999
17549.999999999996,76.71199999999999
17559.999999999996,76.71199999999999
17569.999999999996,76.71199999999999
17579.999999999996,76.71199999999999
17589.999999999996,76.71199999999999
17599.999999999996,76.71199999999999
17609.999999999996,76.71199999999999
17619.999999999996,76.71199999999999
17629.999999999996,76.71199999999999
17639.999999999996,76.71199999999999
17649.999999999996,76.71199999999999
17659.999999999996,76.71199999999999
17669.999999999996,76.71199999999999
17679.999999999996,76.71199999999999
17689.999999999996,76.71199999999999
17699.999999999996,76.71199999999999
17709.999999999996,76.71199999999999
17719.999999999996,76.71199999999999
17729.999999999996,76.71199999999999
17739.999999999996,76.71199999999999
17749.999999999996,76.71199999999999
17759.999999999996,76.71199999999999
17769.999999999996,76.71199999999999
17779.999999999996,76.71199999999999
17789.999999999996,76.71199999999999
17799.999999999996,76.71199999999999
17809.999999999996,76.71199999999999
17819.999999999996,76.71199999999999
17829.999999999996,76.71199999999999
17839.999999999996,76.71199999999999
17849.999999999996,76.71199999999999
17859.999999999996,76.71199999999999
17869.999999999996,76.71199999999999
17879.999999999996,76.71199999999999
17889.999999999996,76.71199999999999
17899.999999999996,76.71199999999999
17909.999999999996,76.71199999999999
17919.999999999996,76.71199999999999
17929.999999999996,76.71199999999999
17939.999999999996,76.71199999999999
17949.999999999996,76.71199999999999
17959.999999999996,76.71199999999999
17969.999999999996,76.71199999999999
17979.999999999996,76.71199999999999
17989.999999999996,76.71199999999999
17999.999999999996,76.71199999999999
18009.999999999996,76.71199999999999
18019.999999999996,76.71199999999999
18029.999999999996,76.71199999999999
18039.999999999996,76.71199999999999
18049.999999999996,76.71199999999999
18059.999999999996,76.71199999999999
18069.999999999996,76.71199999999999
18079.999999999996,76.71199999999999
18089.999999999996,76.71199999999999
18099.999999999996,76.71199999999999
18109.999999999996,76.71199999999999
18119.999999999996,76.71199999999999
18129.999999999996,76.71199999999999
18139.999999999996,76.71199999999999
18149.999999999996,76.71199999999999
18159.999999999996,76.71199999999999
18169.999999999996,76.71199999999999
18179.999999999996,76.71199999999999
18189.999999999996,76.71199999999999
18199.999999999996,76.71199999999999
18209.999999999996,76.71199999999999
18219.999999999996,76.71199999999999
18229.999999999996,76.71199999999999
18239.999999999996,76.71199999999999
18249.999999999996,76.71199999999999
18259.999999999996,76.71199999999999
18269.999999999996,76.71199999999999
18279.999999999996,76.71199999999999
18289.999999999996,76.71199999999999
18299.999999999996,76.71199999999999
18309.999999999996,76.71199999999999
18319.999999999996,76.71199999999999
18329.999999999996,76.71199999999999
18339.999999999996,76.71199999999999
18349.999999999996,76.71199999999999
18359.999999999996,76.71199999999999
18369.999999999996,76.71199999999999
18379.999999999996,76.71199999999999
18389.999999999996,76.71199999999999
18399.999999999996,76.71199999999999
18409.999999999996,76.71199999999999
18419.999999999996,76.71199999999999
18429.999999999996,76.71199999999999
18439.999999999996,76.71199999999999
18449.999999999996,76.71199999999999
18459.999999999996,76.71199999999999
18469.999999999996,76.71199999999999
18479.999999999996,76.71199999999999
18489.999999999996,76.71199999999999
18499.999999999996,76.71199999999999
18509.999999999996,76.71199999999999
18519.999999999996,76.71199999999999
18529.999999999996,76.71199999999999
18539.999999999996,76.71199999999999
18549.999999999996,76.71199999999999
18559.999999999996,76.71199999999999
18569.999999999996,76.71199999999999
18579.999999999996,76.71199999999999
18589.999999999996,76.71199999999999
18599.999999999996,76.71199999999999
18609.999999999996,76.71199999999999
18619.999999999996,76.71199999999999
18629.999999999996,76.71199999999999
18639.999999999996,76.71199999999999
18649.999999999996,76.71199999999999
18659.999999999996,76.71199999999999
18669.999999999996,76.71199999999999
18679.999999999996,76.71199999999999
18689.999999999996,76.71199999999999
18699.999999999996,76.71199999999999
18709.999999999996,76.71199999999999
18719.999999999996,76.71199999999999
18729.999999999996,76.71199999999999
18739.999999999996,76.71199999999999
18749.999999999996,76.71199999999999
18759.999999999996,76.71199999999999
18769.999999999996,76.71199999999999
18779.999999999996,76.71199999999999
18789.999999999996,76.71199999999999
18799.999999999996,76.71199999999999
18809.999999999996,76.71199999999999
18819.999999999996,76.71199999999999
18829.999999999996,76.71199999999999
18839.999999999996,76.71199999999999
18849.999999999996,76.71199999999999
18859.999999999996,76.71199999999999
18869.999999999996,76.71199999999999
18879.999999999996,76.71199999999999
18889.999999999996,76.71199999999999
18899.999999999996,76.71199999999999
18909.999999999996,76.71199999999999
18919.999999999996,76.71199999999999
18929.999999999996,76.71199999999999
18939.999999999996,76.71199999999999
18949.999999999996,76.71199999999999
18959.999999999996,76.71199999999999
18969.999999999996,76.71199999999999
18979.999999999996,76.71199999999999
18989.999999999996,76.71199999999999
18999.999999999996,76.71199999999999
19009.999999999996,76.71199999999999
19019.999999999996,76.71199999999999
19029.999999999996,76.71199999999999
19039.999999999996,76.71199999999999
19049.999999999996,76.71199999999999
19059.999999999996,76.71199999999999
19069.999999999996,76.71199999999999
19079.999999999996,76.71199999999999
19089.999999999996,76.71199999999999
19099.999999999996,76.71199999999999
19109.999999999996,76.71199999999999
19119.999999999996,76.71199999999999
19129.999999999996,76.71199999999999
19139.999999999996,76.71199999999999
19149.999999999996,76.71199999999999
19159.999999999996,76.71199999999999
19169.999999999996,76.71199999999999
19179.999999999996,76.71199999999999
19189.999999999996,76.71199999999999
19199.999999999996,76.71199999999999
19209.999999999996,76.71199999999999
19219.999999999996,76.71199999999999
19229.999999999996,76.71199999999999
19239.999999999996,76.71199999999999
19249.999999999996,76.71199999999999
19259.999999999996,76.71199999999999
19269.999999999996,76.71199999999999
19279.999999999996,76.71199999999999
19289.999999999996,76.71199999999999
19299.999999999996,76.71199999999999
19309.999999999996,76.71199999999999
19319.999999999996,76.71199999999999
19329.999999999996,76.71199999999999
19339.999999999996,76.71199999999999
19349.999999999996,76.71199999999999
19359.999999999996,76.71199999999999
19369.999999999996,76.71199999999999
19379.999999999996,76.71199999999999
19389.999999999996,76.71199999999999
19399.999999999996,76.71199999999999
19409.999999999996,76.71199999999999
19419.999999999996,76.71199999999999
19429.999999999996,76.71199999999999
19439.999999999996,76.71199999999999
19449.999999999996,76.71199999999999
19459.999999999996,76.71199999999999
19469.999999999996,76.71199999999999
19479.999999999996,76.71199999999999
19489.999999999996,76.71199999999999
19499.999999999996,76.71199999999999
19509.999999999996,76.71199999999999
19519.999999999996,76.71199999999999
19529.999999999996,76.71199999999999
19539.999999999996,76.71199999999999
19549.999999999996,76.71199999999999
19559.999999999996,76.71199999999999
19569.999999999996,76.71199999999999
19579.999999999996,76.71199999999999
19589.999999999996,76.71199999999999
19599.999999999996,76.71199999999999
19609.999999999996,76.71199999999999
19619.999999999996,76.71199999999999
19629.999999999996,76.71199999999999
19639.999999999996,76.71199999999999
19649.999999999996,76.71199999999999
19659.999999999996,76.71199999999999
19669.999999999996,76.71199999999999
19679.999999999996,76.71199999999999
19689.999999999996,76.71199999999999
19699.999999999996,76.71199999999999
19709.999999999996,76.71199999999999
19719.999999999996,76.71199999999999
19729.999999999996,76.71199999999999
19739.999999999996,76.71199999999999
19749.999999999996,76.71199999999999
19759.999999999996,76.71199999999999
19769.999999999996,76.71199999999999
19779.999999999996,76.71199999999999
19789.999999999996,76.71199999999999
19799.999999999996,76.71199999999999
19809.999999999996,76.71199999999999
19819.999999999996,76.71199999999999
19829.999999999996,76.71199999999999
19839.999999999996,76.71199999999999
19849.999999999996,76.71199999999999
19859.999999999996,76.71199999999999
19869.999999999996,76.71199999999999
19879.999999999996,76.71199999999999
19889.999999999996,76.71199999999999
19899.999999999996,76.71199999999999
19909.999999999996,76.71199999999999
19919.999999999996,76.71199999999999
19929.999999999996,76.71199999999999
19939.999999999996,76.71199999999999
19949.999999999996,76.71199999999999
19959.999999999996,76.71199999999999
19969.999999999996,76.71199999999999
19979.999999999996,76.71199999999999
19989.999999999996,76.71199999999999
19999.999999999996,76.71199999999999
20009.999999999996,76.71199999999999
20019.999999999996,76.71199999999999
20029.999999999996,76.71199999999999
20039.999999999996,76.71199999999999
20049.999999999996,76.71199999999999
20059.999999999996,76.71199999999999
20069.999999999996,76.71199999999999
20079.999999999996,76.71199999999999
20089.999999999996,76.71199999999999
20099.999999999996,76.71199999999999
20109.999999999996,76.71199999999999
20119.999999999996,76.71199999999999
20129.999999999996,76.71199999999999
20139.999999999996,76.71199999999999
20149.999999999996,76.71199999999999
20159.999999999996,76.71199999999999
20169.999999999996,76.71199999999999
20179.999999999996,76.71199999999999
20189.999999999996,76.71199999999999
20199.999999999996,76.71199999999999
20209.999999999996,76.71199999999999
20219.999999999996,76.71199999999999
20229.999999999996,76.71199999999999
20239.999999999996,76.71199999999999
20249.999999999996,76.71199999999999
20259.999999999996,76.71199999999999
20269.999999999996,76.71199999999999
20279.999999999996,76.71199999999999
20289.999999999996,76.71199999999999
20299.999999999996,76.71199999999999
20309.999999999996,76.71199999999999
20319.999999999996,76.71199999999999
20329.999999999996,76.71199999999999
20339.999999999996,76.71199999999999
20349.999999999996,76.71199999999999
20359.999999999996,76.71199999999999
20369.999999999996,76.71199999999999
20379.999999999996,76.71199999999999
20389.999999999996,76.71199999999999
20399.999999999996,76.71199999999999
20409.999999999996,76.71199999999999
20419.999999999996,76.71199999999999
20429.999999999996,76.71199999999999
20439.999999999996,76.71199999999999
20449.999999999996,76.71199999999999
20459.999999999996,76.71199999999999
20469.999999999996,76.71199999999999
20479.999999999996,76.71199999999999
20489.999999999996,76.71199999999999
20499.999999999996,76.71199999999999
20509.999999999996,76.71199999999999
20519.999999999996,76.71199999999999
20529.999999999996,76.71199999999999
20539.999999999996,76.71199999999999
20549.999999999996,76.71199999999999
20559.999999999996,76.71199999999999
20569.999999999996,76.71199999999999
20579.999999999996,76.71199999999999
20589.999999999996,76.71199999999999
20599.999999999996,76.71199999999999
20609.999999999996,76.71199999999999
20619.999999999996,76.71199999999999
20629.999999999996,76.71199999999999
20639.999999999996,76.71199999999999
20649.999999999996,76.71199999999999
20659.999999999996,76.71199999999999
20669.999999999996,76.71199999999999
20679.999999999996,76.71199999999999
20689.999999999996,76.71199999999999
20699.999999999996,76.71199999999999
20709.999999999996,76.71199999999999
20719.999999999996,76.71199999999999
20729.999999999996,76.71199999999999
20739.999999999996,76.71199999999999
20749.999999999996,76.71199999999999
20759.999999999996,76.71199999999999
20769.999999999996,76.71199999999999
20779.999999999996,76.71199999999999
20789.999999999996,76.71199999999999
20799.999999999996,76.71199999999999
20809.999999999996,76.71199999999999
20819.999999999996,76.71199999999999
20829.999999999996,76.71199999999999
20839.999999999996,76.71199999999999
20849.999999999996,76.71199999999999
20859.999999999996,76.71199999999999
20869.999999999996,76.71199999999999
20879.999999999996,76.71199999999999
20889.999999999996,76.71199999999999
20899.999999999996,76.71199999999999
20909.999999999996,76.71199999999999
20919.999999999996,76.71199999999999
20929.999999999996,76.71199999999999
20939.999999999996,76.71199999999999
20949.999999999996,76.71199999999999
20959.999999999996,76.71199999999999
20969.999999999996,76.71199999999999
20979.999999999996,76.71199999999999
20989.999999999996,76.71199999999999
20999.999999999996,76.71199999999999
21009.999999999996,76.71199999999999
21019.999999999996,76.71199999999999
21029.999999999996,76.71199999999999
21039.999999999996,76.71199999999999
21049.999999999996,76.71199999999999
21059.999999999996,76.71199999999999
21069.999999999996,76.71199999999999
21079.999999999996,76.71199999999999
21089.999999999996,76.71199999999999
21099.999999999996,76.71199999999999
21109.999999999996,76.71199999999999
21119.999999999996,76.71199999999999
21129.999999999996,76.71199999999999
21139.999999999996,76.71199999999999
21149.999999999996,76.71199999999999
21159.999999999996,76.71199999999999
21169.999999999996,76.71199999999999
21179.999999999996,76.71199999999999
21189.999999999996,76.71199999999999
21199.999999999996,76.71199999999999
21209.999999999996,76.71199999999999
21219.999999999996,76.71199999999999
21229.999999999996,76.71199999999999
21239.999999999996,76.71199999999999
21249.999999999996,76.71199999999999
21259.999999999996,76.71199999999999
21269.999999999996,76.71199999999999
21279.999999999996,76.71199999999999
21289.999999999996,76.71199999999999
21299.999999999996,76.71199999999999
21309.999999999996,76.71199999999999
21319.999999999996,76.71199999999999
21329.999999999996,76.71199999999999
21339.999999999996,76.71199999999999
21349.999999999996,76.71199999999999
21359.999999999996,76.71199999999999
21369.999999999996,76.71199999999999
21379.999999999996,76.71199999999999
21389.999999999996,76.71199999999999
21399.999999999996,76.71199999999999
21409.999999999996,76.71199999999999
21419.999999999996,76.71199999999999
21429.999999999996,76.71199999999999
21439.999999999996,76.71199999999999
21449.999999999996,76.71199999999999
21459.999999999996,76.71199999999999
21469.999999999996,76.71199999999999
21479.999999999996,76.71199999999999
21489.999999999996,76.71199999999999
21499.999999999996,76.71199999999999
21509.999999999996,76.71199999999999
21519.999999999996,76.71199999999999
21529.999999999996,76.71199999999999
21539.999999999996,76.71199999999999
