Point in Time[s],Utilization of Active Resource[]
9.999999999999998,0.0
19.999999999999996,0.0
29.999999999999993,0.0
39.99999999999999,0.0
49.99999999999999,0.0
59.99999999999999,0.0
69.99999999999999,0.0
79.99999999999999,0.0
89.99999999999999,0.0
99.99999999999999,0.0
109.99999999999999,0.0
119.99999999999999,0.0
129.99999999999997,0.0
139.99999999999997,0.0
149.99999999999997,0.0
159.99999999999997,0.0
169.99999999999997,0.0
179.99999999999997,0.0
189.99999999999997,0.0
199.99999999999997,0.0
209.99999999999997,0.0
219.99999999999997,0.0
229.99999999999997,0.0
239.99999999999997,0.0
249.99999999999997,0.0
259.99999999999994,0.0
269.99999999999994,0.0
279.99999999999994,0.0
289.99999999999994,0.0
299.99999999999994,0.0
309.99999999999994,0.0
319.99999999999994,0.0
329.99999999999994,0.0
339.99999999999994,0.0
349.99999999999994,0.0
359.99999999999994,0.0
369.99999999999994,0.0
379.99999999999994,0.0
389.99999999999994,0.0
399.99999999999994,0.0
409.99999999999994,0.0
419.99999999999994,0.0
429.99999999999994,0.0
439.99999999999994,0.0
449.99999999999994,0.0
459.99999999999994,0.0
469.99999999999994,0.0
479.99999999999994,0.0
489.99999999999994,0.0
499.99999999999994,0.0
509.99999999999994,0.0
519.9999999999999,0.0
529.9999999999999,0.0
539.9999999999999,0.0
549.9999999999999,0.0
559.9999999999999,0.0
569.9999999999999,0.0
579.9999999999999,0.0
589.9999999999999,0.0
599.9999999999999,0.0
609.9999999999999,0.0
619.9999999999999,0.0
629.9999999999999,0.0
639.9999999999999,0.0
649.9999999999999,0.0
659.9999999999999,0.0
669.9999999999999,0.0
679.9999999999999,0.0
689.9999999999999,0.0
699.9999999999999,0.0
709.9999999999999,0.0
719.9999999999999,0.0
729.9999999999999,0.0
739.9999999999999,0.0
749.9999999999999,0.0
759.9999999999999,0.0
769.9999999999999,0.0
779.9999999999999,0.0
789.9999999999999,0.0
799.9999999999999,0.0
809.9999999999999,0.0
819.9999999999999,0.0
829.9999999999999,0.0
839.9999999999999,0.0
849.9999999999999,0.0
859.9999999999999,0.0
869.9999999999999,0.0
879.9999999999999,0.0
889.9999999999999,0.0
899.9999999999999,0.0
909.9999999999999,0.0
919.9999999999999,0.0
929.9999999999999,0.0
939.9999999999999,0.0
949.9999999999999,0.0
959.9999999999999,0.0
969.9999999999999,0.0
979.9999999999999,0.0
989.9999999999999,0.0
999.9999999999999,0.0
1009.9999999999999,0.0
1019.9999999999999,0.0
1029.9999999999998,0.0
1039.9999999999998,0.0
1049.9999999999998,0.0
1059.9999999999998,0.0
1069.9999999999998,0.0
1079.9999999999998,0.0
1089.9999999999998,0.0
1099.9999999999998,0.0
1109.9999999999998,0.0
1119.9999999999998,0.0
1129.9999999999998,0.0
1139.9999999999998,0.0
1149.9999999999998,0.0
1159.9999999999998,0.0
1169.9999999999998,0.0
1179.9999999999998,0.0
1189.9999999999998,0.0
1199.9999999999998,0.0
1209.9999999999998,0.0
1219.9999999999998,0.0
1229.9999999999998,0.0
1239.9999999999998,0.0
1249.9999999999998,0.0
1259.9999999999998,0.0
1269.9999999999998,0.0
1279.9999999999998,0.0
1289.9999999999998,0.0
1299.9999999999998,0.0
1309.9999999999998,0.0
1319.9999999999998,0.0
1329.9999999999998,0.0
1339.9999999999998,0.0
1349.9999999999998,0.0
1359.9999999999998,0.0
1369.9999999999998,0.0
1379.9999999999998,0.0
1389.9999999999998,0.0
1399.9999999999998,0.0
1409.9999999999998,0.0
1419.9999999999998,0.0
1429.9999999999998,0.0
1439.9999999999998,0.0
1449.9999999999998,0.0
1459.9999999999998,0.0
1469.9999999999998,0.0
1479.9999999999998,0.0
1489.9999999999998,0.0
1499.9999999999998,0.0
1509.9999999999998,0.0
1519.9999999999998,0.0
1529.9999999999998,0.0
1539.9999999999998,0.0
1549.9999999999998,0.0
1559.9999999999998,0.0
1569.9999999999998,0.0
1579.9999999999998,0.0
1589.9999999999998,0.0
1599.9999999999998,0.0
1609.9999999999998,0.0
1619.9999999999998,0.0
1629.9999999999998,0.0
1639.9999999999998,0.0
1649.9999999999998,0.0
1659.9999999999998,0.0
1669.9999999999998,0.0
1679.9999999999998,0.0
1689.9999999999998,0.0
1699.9999999999998,0.0
1709.9999999999998,0.0
1719.9999999999998,0.0
1729.9999999999998,0.0
1739.9999999999998,0.0
1749.9999999999998,0.0
1759.9999999999998,0.0
1769.9999999999998,0.0
1779.9999999999998,0.0
1789.9999999999998,0.0
1799.9999999999998,0.0
1809.9999999999998,0.0
1819.9999999999998,0.0
1829.9999999999998,0.0
1839.9999999999998,0.0
1849.9999999999998,0.0
1859.9999999999998,0.0
1869.9999999999998,0.0
1879.9999999999998,0.0
1889.9999999999998,0.0
1899.9999999999998,0.0
1909.9999999999998,0.0
1919.9999999999998,0.0
1929.9999999999998,0.0
1939.9999999999998,0.0
1949.9999999999998,0.0
1959.9999999999998,0.0
1969.9999999999998,0.0
1979.9999999999998,0.0
1989.9999999999998,0.0
1999.9999999999998,0.0
2009.9999999999998,0.0
2019.9999999999998,0.0
2029.9999999999998,0.0
2039.9999999999998,0.0
2049.9999999999995,0.0
2059.9999999999995,0.0
2069.9999999999995,0.0
2079.9999999999995,0.0
2089.9999999999995,0.0
2099.9999999999995,0.0
2109.9999999999995,0.0
2119.9999999999995,0.0
2129.9999999999995,0.0
2139.9999999999995,0.0
2149.9999999999995,0.0
2159.9999999999995,0.0
2169.9999999999995,0.0
2179.9999999999995,0.0
2189.9999999999995,0.0
2199.9999999999995,0.0
2209.9999999999995,0.0
2219.9999999999995,0.0
2229.9999999999995,0.0
2239.9999999999995,0.0
2249.9999999999995,0.0
2259.9999999999995,0.0
2269.9999999999995,0.0
2279.9999999999995,0.0
2289.9999999999995,0.0
2299.9999999999995,0.0
2309.9999999999995,0.0
2319.9999999999995,0.0
2329.9999999999995,0.0
2339.9999999999995,0.0
2349.9999999999995,0.0
2359.9999999999995,0.0
2369.9999999999995,0.0
2379.9999999999995,0.0
2389.9999999999995,0.0
2399.9999999999995,0.0
2409.9999999999995,0.0
2419.9999999999995,0.0
2429.9999999999995,0.0
2439.9999999999995,0.0
2449.9999999999995,0.0
2459.9999999999995,0.0
2469.9999999999995,0.0
2479.9999999999995,0.0
2489.9999999999995,0.0
2499.9999999999995,0.0
2509.9999999999995,0.0
2519.9999999999995,0.0
2529.9999999999995,0.0
2539.9999999999995,0.0
2549.9999999999995,0.0
2559.9999999999995,0.0
2569.9999999999995,0.0
2579.9999999999995,0.0
2589.9999999999995,0.0
2599.9999999999995,0.0
2609.9999999999995,0.0
2619.9999999999995,0.0
2629.9999999999995,0.0
2639.9999999999995,0.0
2649.9999999999995,0.0
2659.9999999999995,0.0
2669.9999999999995,0.0
2679.9999999999995,0.0
2689.9999999999995,0.0
2699.9999999999995,0.0
2709.9999999999995,0.0
2719.9999999999995,0.0
2729.9999999999995,0.0
2739.9999999999995,0.0
2749.9999999999995,0.0
2759.9999999999995,0.0
2769.9999999999995,0.0
2779.9999999999995,0.0
2789.9999999999995,0.0
2799.9999999999995,0.0
2809.9999999999995,0.0
2819.9999999999995,0.0
2829.9999999999995,0.0
2839.9999999999995,0.0
2849.9999999999995,0.0
2859.9999999999995,0.0
2869.9999999999995,0.0
2879.9999999999995,0.0
2889.9999999999995,0.0
2899.9999999999995,0.0
2909.9999999999995,0.0
2919.9999999999995,0.0
2929.9999999999995,0.0
2939.9999999999995,0.0
2949.9999999999995,0.0
2959.9999999999995,0.0
2969.9999999999995,0.0
2979.9999999999995,0.0
2989.9999999999995,0.0
2999.9999999999995,0.0
3009.9999999999995,0.0
3019.9999999999995,0.0
3029.9999999999995,0.0
3039.9999999999995,0.0
3049.9999999999995,0.0
3059.9999999999995,0.0
3069.9999999999995,0.0
3079.9999999999995,0.0
3089.9999999999995,0.0
3099.9999999999995,0.0
3109.9999999999995,0.0
3119.9999999999995,0.0
3129.9999999999995,0.0
3139.9999999999995,0.0
3149.9999999999995,0.0
3159.9999999999995,0.0
3169.9999999999995,0.0
3179.9999999999995,0.0
3189.9999999999995,0.0
3199.9999999999995,0.0
3209.9999999999995,0.0
3219.9999999999995,0.0
3229.9999999999995,0.0
3239.9999999999995,0.0
3249.9999999999995,0.0
3259.9999999999995,0.0
3269.9999999999995,0.0
3279.9999999999995,0.0
3289.9999999999995,0.0
3299.9999999999995,0.0
3309.9999999999995,0.0
3319.9999999999995,0.0
3329.9999999999995,0.0
3339.9999999999995,0.0
3349.9999999999995,0.0
3359.9999999999995,0.0
3369.9999999999995,0.0
3379.9999999999995,0.0
3389.9999999999995,0.0
3399.9999999999995,0.0
3409.9999999999995,0.0
3419.9999999999995,0.0
3429.9999999999995,0.0
3439.9999999999995,0.0
3449.9999999999995,0.0
3459.9999999999995,0.0
3469.9999999999995,0.0
3479.9999999999995,0.0
3489.9999999999995,0.0
3499.9999999999995,0.0
3509.9999999999995,0.0
3519.9999999999995,0.0
3529.9999999999995,0.0
3539.9999999999995,0.0
3549.9999999999995,0.0
3559.9999999999995,0.0
3569.9999999999995,0.0
3579.9999999999995,0.0
3589.9999999999995,0.0
3599.9999999999995,0.0
3609.9999999999995,0.0
3619.9999999999995,0.0
3629.9999999999995,0.0
3639.9999999999995,0.0
3649.9999999999995,0.0
3659.9999999999995,0.0
3669.9999999999995,0.0
3679.9999999999995,0.0
3689.9999999999995,0.0
3699.9999999999995,0.0
3709.9999999999995,0.0
3719.9999999999995,0.0
3729.9999999999995,0.0
3739.9999999999995,0.0
3749.9999999999995,0.0
3759.9999999999995,0.0
3769.9999999999995,0.0
3779.9999999999995,0.0
3789.9999999999995,0.0
3799.9999999999995,0.0
3809.9999999999995,0.0
3819.9999999999995,0.0
3829.9999999999995,0.0
3839.9999999999995,0.0
3849.9999999999995,0.0
3859.9999999999995,0.0
3869.9999999999995,0.0
3879.9999999999995,0.0
3889.9999999999995,0.0
3899.9999999999995,0.0
3909.9999999999995,0.0
3919.9999999999995,0.0
3929.9999999999995,0.0
3939.9999999999995,0.0
3949.9999999999995,0.0
3959.9999999999995,0.0
3969.9999999999995,0.0
3979.9999999999995,0.0
3989.9999999999995,0.0
3999.9999999999995,0.0
4009.9999999999995,0.0
4019.9999999999995,0.0
4029.9999999999995,0.0
4039.9999999999995,0.0
4049.9999999999995,0.0
4059.9999999999995,0.0
4069.9999999999995,0.0
4079.9999999999995,0.0
4089.9999999999995,0.0
4099.999999999999,0.0
4109.999999999999,0.0
4119.999999999999,0.0
4129.999999999999,0.0
4139.999999999999,0.0
4149.999999999999,0.0
4159.999999999999,0.0
4169.999999999999,0.0
4179.999999999999,0.0
4189.999999999999,0.0
4199.999999999999,0.0
4209.999999999999,0.0
4219.999999999999,0.0
4229.999999999999,0.0
4239.999999999999,0.0
4249.999999999999,0.0
4259.999999999999,0.0
4269.999999999999,0.0
4279.999999999999,0.0
4289.999999999999,0.0
4299.999999999999,0.0
4309.999999999999,0.0
4319.999999999999,0.0
4329.999999999999,0.0
4339.999999999999,0.0
4349.999999999999,0.0
4359.999999999999,0.0
4369.999999999999,0.0
4379.999999999999,0.0
4389.999999999999,0.0
4399.999999999999,0.0
4409.999999999999,0.0
4419.999999999999,0.0
4429.999999999999,0.0
4439.999999999999,0.0
4449.999999999999,0.0
4459.999999999999,0.0
4469.999999999999,0.003968695940623944
4479.999999999999,0.023606938134382437
4489.999999999999,0.022999963625001365
4499.999999999999,0.023540899306247788
4509.999999999999,0.024311028565624303
4519.999999999999,0.024655790084382526
4529.999999999999,0.02446835635313247
4539.999999999999,0.024293547696878172
4549.999999999999,0.024259557124990727
4559.999999999999,0.024259557124990727
4569.999999999999,0.02434016333750575
4579.999999999999,0.02453245286250618
4589.999999999999,0.024692694137509342
4599.999999999999,0.024578097346879678
4609.999999999999,0.024383865503129674
4619.999999999999,0.023102906496877983
4629.999999999999,0.020045697303133617
4639.999999999999,0.01734684583750406
4649.999999999999,0.019127951843755382
4659.999999999999,0.022217209293749797
4669.999999999999,0.024214883799992017
4679.999999999999,0.024259557124990727
4689.999999999999,0.024271211037496677
4699.999999999999,0.02442271187187968
4709.999999999999,0.02461111675938097
4719.999999999999,0.02474125208438662
4729.999999999999,0.024745136718762217
4739.999999999999,0.024745136718762217
4749.999999999999,0.024745136718762217
4759.999999999999,0.024745136718762217
4769.999999999999,0.024710174996881995
4779.999999999999,0.024529539384378983
4789.999999999999,0.024336278700003766
4799.999999999999,0.024378038546878124
4809.999999999999,0.02457227038750458
4819.999999999999,0.02469754993125688
4829.999999999999,0.02453342401875458
4839.999999999999,0.024341134496883375
4849.999999999999,0.024259557124990727
4859.999999999999,0.024259557124990727
4869.999999999999,0.024286749587498924
4879.999999999999,0.024430481143754415
4889.999999999999,0.024581981978128886
4899.999999999999,0.024698521093760896
4909.999999999999,0.024562558796883117
4919.999999999999,0.02436832695625666
4929.999999999999,0.024260528284368355
4939.999999999999,0.024259557124990727
4949.999999999999,0.023687544353121814
4959.999999999999,0.01865348676250276
4969.999999999999,0.012078307128129484
4979.999999999999,0.007700321378129607
4989.999999999999,0.0047984976625059465
4999.999999999999,0.0023074742718762285
5009.999999999999,0.002138492571876325
5019.999999999999,0.002332724415626328
5029.999999999999,0.0020200111437532063
5039.999999999999,0.0012430837812587455
5049.999999999999,0.001108092646882141
5059.999999999999,0.004462476565635139
5069.999999999999,0.008336430668754238
5079.999999999999,0.01018746012499604
5089.999999999999,0.01018746012499604
5099.999999999999,0.01076724217812454
5109.999999999999,0.014483436725005547
5119.999999999999,0.01838987084062607
5129.999999999999,0.02067597962813037
5139.999999999999,0.020306939128128913
5149.999999999999,0.019570800440625626
5159.999999999999,0.01593035631250073
5169.999999999999,0.011624775765628204
5179.999999999999,0.007806177740627609
5189.999999999999,0.004213859809379978
5199.999999999999,0.0013198053593754353
5209.999999999999,0.003365066665631386
5219.999999999999,0.00635915051875599
5229.999999999999,0.009614476196881574
5239.999999999999,0.013106764725000618
5249.999999999999,0.01597805075312662
5259.999999999999,0.01595172182188092
5269.999999999999,0.015317123090630944
5279.999999999999,0.01339714133438291
5289.999999999999,0.010297201112507526
5299.999999999999,0.008268449531266233
5309.999999999999,0.012052085818754665
5319.999999999999,0.01640730312186774
5329.999999999999,0.015314641365625886
5339.999999999999,0.007559503293757066
5349.999999999999,0.0013062091218785082
5359.999999999999,0.002698851440626979
5369.999999999999,0.005434606937501481
5379.999999999999,0.008152881578126873
5389.999999999999,0.010851733025006628
5399.999999999999,0.012613415840630169
5409.999999999999,0.008432575428130907
5419.999999999999,0.003207738865626194
5429.999999999999,8.546200937644237E-4
5439.999999999999,0.0016286339906343966
5449.999999999999,0.002525013940626761
5459.999999999999,0.004294466021877948
5469.999999999999,0.006226101696879023
5479.999999999999,0.008412181090628214
5489.999999999999,0.010906117946885265
5499.999999999999,0.013052379809377599
5509.999999999999,0.012342462421881339
5519.999999999999,0.010998378068754266
5529.999999999999,0.012380337628130168
5539.999999999999,0.01731630815312853
5549.999999999999,0.022356085065634072
5559.999999999999,0.02319128198750347
5569.999999999999,0.02241435461875623
5579.999999999999,0.021750081718754168
5589.999999999999,0.021355791078126154
5599.999999999999,0.021001317965622927
5609.999999999999,0.021715119987497623
5619.999999999999,0.022871770606251098
5629.999999999999,0.021595667400008248
5639.999999999999,0.012804194806250268
5649.999999999999,0.0042216290812575556
5659.999999999999,0.004733429984378286
5669.999999999999,0.01394444335937094
5679.999999999999,0.020796403378126604
5689.999999999999,0.021346079500004556
5699.999999999999,0.02131306008437972
5709.999999999999,0.01782508794375415
5719.999999999999,0.011956912212502845
5729.999999999999,0.00840538297187833
5739.999999999999,0.009891256568755571
5749.999999999999,0.011621862287506692
5759.999999999999,0.01309219733437884
5769.999999999999,0.014445993281253764
5779.999999999999,0.014498435868750888
5789.999999999999,0.010717713062504675
5799.999999999999,0.006713623625006441
5809.999999999999,0.007058385143756135
5819.999999999999,0.013445267525001714
5829.999999999999,0.01902015316875206
5839.999999999999,0.018175244653126282
5849.999999999999,0.014352222600007267
5859.999999999999,0.013916279743754945
5869.999999999999,0.018080071056256468
5879.999999999999,0.02253574951875661
5889.999999999999,0.023290340228130882
5899.999999999999,0.02266297137500002
5909.999999999999,0.022019092818750585
5919.999999999999,0.020407939684376666
5929.999999999999,0.018318976215626018
5939.999999999999,0.015070880415629501
5949.999999999999,0.008806471725006294
5959.999999999999,0.002973689496877793
5969.999999999999,0.00810626593124936
5979.999999999999,0.017016219953127618
5989.999999999999,0.023368032965625198
5999.999999999999,0.02307765636250421
6009.999999999999,0.02251535517812469
6019.999999999999,0.02145096467500165
6029.999999999999,0.020089399462501926
6039.999999999999,0.019371712803125246
6049.999999999999,0.020982865940631236
6059.999999999999,0.02275134686562266
6069.999999999999,0.023288397906240713
6079.999999999999,0.023288397906240713
6089.999999999999,0.021613148265616625
6099.999999999999,0.012257432175005068
6109.999999999999,0.0033330184031314007
6119.999999999999,0.007419656375003563
6129.999999999999,0.016187821140623254
6139.999999999999,0.023002877106249264
6149.999999999999,0.02266879833125157
6159.999999999999,0.021703466078132276
6169.999999999999,0.021346079500004556
6179.999999999999,0.021346079500004556
6189.999999999999,0.021617032906256363
6199.999999999999,0.02288828031875452
6209.999999999999,0.02421682611875864
6219.999999999999,0.02218904567812812
6229.999999999999,0.01814902335624849
6239.999999999999,0.013916172106254962
6249.999999999999,0.010596318159380747
6259.999999999999,0.007474041287508719
6269.999999999999,0.010813857818752118
6279.999999999999,0.016898709687499985
6289.999999999999,0.022330834925001833
6299.999999999999,0.023628303637495643
6309.999999999999,0.02440231752500066
6319.999999999999,0.02260761530312292
6329.999999999999,0.018745315112498398
6339.999999999999,0.016005674971871983
6349.999999999999,0.019061913018747115
6359.999999999999,0.02292421320313307
6369.999999999999,0.02353118771250562
6379.999999999999,0.02123245385938473
6389.999999999999,0.01876765177187705
6399.999999999999,0.015058255340628064
6409.999999999999,0.011300408584378363
6419.999999999999,0.007863476128125048
6429.999999999999,0.004584842628133851
6439.999999999999,0.001791788734368536
6449.999999999999,0.0014567388124930845
6459.999999999999,0.0014567388124930845
6469.999999999999,0.0018646256749946114
6479.999999999999,0.002641553049994625
6489.999999999999,0.003334960718751742
6499.999999999999,0.0035952313906307118
6509.999999999999,0.0037855785968815745
6519.999999999999,0.007984871034375366
6529.999999999999,0.015633289231253386
6539.999999999999,0.022171564818752622
6549.999999999999,0.01750169192500264
6559.999999999999,0.009493081296878349
6569.999999999999,0.006695171600003385
6579.999999999999,0.009751409634372966
6589.999999999999,0.012658089165631724
6599.999999999999,0.014149789718757674
6609.999999999999,0.015294354671878795
6619.999999999999,0.016828246825004084
6629.999999999999,0.019463972928123477
6639.999999999999,0.02192489037500278
6649.999999999999,0.01917650980000614
6659.999999999999,0.01393073949687958
6669.999999999999,0.009436754059382213
6679.999999999999,0.005740522090627559
6689.999999999999,0.002090905768753257
6699.999999999999,0.0022152141468808374
6709.999999999999,0.005234548143755542
6719.999999999999,0.008696730737506177
6729.999999999999,0.013570547068754013
6739.999999999999,0.01811503278125455
6749.999999999999,0.021332483253125624
6759.999999999999,0.023070858243754322
6769.999999999999,0.024559645315635217
6779.999999999999,0.024745136718762217
6789.999999999999,0.024745136718762217
6799.999999999999,0.02464607849063183
6809.999999999999,0.024451846646881825
6819.999999999999,0.024308115090634866
6829.999999999999,0.02445087548750704
6839.999999999999,0.024638309215630705
6849.999999999999,0.024745136718762217
6859.999999999999,0.024745136718762217
6869.999999999999,0.024745136718762217
6879.999999999999,0.02467424210625635
6889.999999999999,0.024480981421881133
6899.999999999999,0.02431491320001127
6909.999999999999,0.0244702986718792
6919.999999999999,0.024695607606257376
6929.999999999999,0.024745136718762217
6939.999999999999,0.024745136718762217
6949.999999999999,0.024734453971886672
6959.999999999999,0.024581981981255274
6969.999999999999,0.02438775013750527
6979.999999999999,0.024333365221885096
6989.999999999999,0.024529539384381828
6999.999999999999,0.024696578771884935
7009.999999999999,0.024572270387507422
7019.999999999999,0.02438386550000613
7029.999999999999,0.024260528284368355
7039.999999999999,0.024259557124990727
7049.999999999999,0.024259557124990727
7059.999999999999,0.024259557124990727
7069.999999999999,0.024259557124990727
7079.999999999999,0.024259557124990727
7089.999999999999,0.024259557124990727
7099.999999999999,0.024259557124990727
7109.999999999999,0.024259557124990727
7119.999999999999,0.024259557124990727
7129.999999999999,0.024320740153127907
7139.999999999999,0.02451788547187872
7149.999999999999,0.024693665293760582
7159.999999999999,0.024578097343756135
7169.999999999999,0.02438386550000613
7179.999999999999,0.024260528284368355
7189.999999999999,0.024259557124990727
7199.999999999999,0.024259557124990727
7209.999999999999,0.024259557124990727
7219.999999999999,0.024259557124990727
7229.999999999999,0.024259557124990727
7239.999999999999,0.024259557124990727
7249.999999999999,0.024259557124990727
7259.999999999999,0.024259557124990727
7269.999999999999,0.024259557124990727
7279.999999999999,0.024318797834378337
7289.999999999999,0.024516914312503933
7299.999999999999,0.024692694134385795
7309.999999999999,0.024578097343756135
7319.999999999999,0.02438386550000613
7329.999999999999,0.024260528284368355
7339.999999999999,0.024259557124990727
7349.999999999999,0.024259557124990727
7359.999999999999,0.024259557124990727
7369.999999999999,0.024259557124990727
7379.999999999999,0.02432753826875709
7389.999999999999,0.024519827790633976
7399.999999999999,0.02469560761251015
7409.999999999999,0.024588780093755223
7419.999999999999,0.02440037520937748
7429.999999999999,0.02426441292187318
7439.999999999999,0.024259557124990727
7449.999999999999,0.024259557124990727
7459.999999999999,0.024259557124990727
7469.999999999999,0.024259557124990727
7479.999999999999,0.024259557124990727
7489.999999999999,0.024259557124990727
7499.999999999999,0.024259557124990727
7509.999999999999,0.024259557124990727
7519.999999999999,0.024259557124990727
7529.999999999999,0.024259557124990727
7539.999999999999,0.024259557124990727
7549.999999999999,0.024259557124990727
7559.999999999999,0.024259557124990727
7569.999999999999,0.024259557124990727
7579.999999999999,0.024259557124990727
7589.999999999999,0.024259557124990727
7599.999999999999,0.024259557124990727
7609.999999999999,0.024259557124990727
7619.999999999999,0.024259557124990727
7629.999999999999,0.02430131697187645
7639.999999999999,0.024483894903129036
7649.999999999999,0.02467132863125554
7659.999999999999,0.024620828350008117
7669.999999999999,0.024430481143757253
7679.999999999999,0.024274124515623875
7689.999999999999,0.024259557124990727
7699.999999999999,0.024259557124990727
7709.999999999999,0.024259557124990727
7719.999999999999,0.024259557124990727
7729.999999999999,0.024259557124990727
7739.999999999999,0.024259557124990727
7749.999999999999,0.024259557124990727
7759.999999999999,0.024259557124990727
7769.999999999999,0.024259557124990727
7779.999999999999,0.024259557124990727
7789.999999999999,0.024259557124990727
7799.999999999999,0.024259557124990727
7809.999999999999,0.024259557124990727
7819.999999999999,0.024259557124990727
7829.999999999999,0.024259557124990727
7839.999999999999,0.024259557124990727
7849.999999999999,0.024259557124990727
7859.999999999999,0.024259557124990727
7869.999999999999,0.024259557124990727
7879.999999999999,0.024259557124990727
7889.999999999999,0.024259557124990727
7899.999999999999,0.024259557124990727
7909.999999999999,0.024339192178128122
7919.999999999999,0.02453148170000501
7929.999999999999,0.024696578771882097
7939.999999999999,0.024575183865628937
7949.999999999999,0.02438386550313252
7959.999999999999,0.024261499443745983
7969.999999999999,0.024259557124990727
7979.999999999999,0.02427218219687146
7989.999999999999,0.024426596506255272
7999.999999999999,0.024620828350005276
8009.999999999999,0.024680069062507904
8019.999999999999,0.024505260403132903
8029.999999999999,0.024330451746884287
8039.999999999999,0.024360557681255536
8049.999999999999,0.02451594315313199
8059.999999999999,0.024677155587507094
8069.999999999999,0.024631511103130756
8079.999999999999,0.024429509987506016
8089.999999999999,0.024271211037496677
8099.999999999999,0.024259557124990727
8109.999999999999,0.024259557124990727
8119.999999999999,0.024259557124990727
8129.999999999999,0.024259557124990727
8139.999999999999,0.024259557124990727
8149.999999999999,0.024259557124990727
8159.999999999999,0.024262470603117925
8169.999999999999,0.024383865503129674
8179.999999999999,0.024578097346879678
8189.999999999999,0.024695607615633698
8199.999999999998,0.024531481703100134
8209.999999999998,0.024340163337475906
8219.999999999998,0.024259557124989308
8229.999999999998,0.024259557124989308
8239.999999999998,0.024305201609351436
8249.999999999998,0.024481952584355305
8259.999999999998,0.024665501674971304
8269.999999999998,0.024636366899974838
8279.999999999998,0.024442135056224834
8289.999999999998,0.024278980312485012
8299.999999999998,0.024259557124989308
8309.999999999998,0.024261499443738878
8319.999999999998,0.024382894343730734
8329.999999999998,0.024570328071845872
8339.999999999998,0.024697549934350582
8349.999999999998,0.024539250978099836
8359.999999999998,0.02434599029372462
8369.999999999998,0.024259557124989308
8379.999999999998,0.024259557124989308
8389.999999999998,0.024259557124989308
8399.999999999998,0.024259557124989308
8409.999999999998,0.024259557124989308
8419.999999999998,0.024259557124989308
8429.999999999998,0.024259557124989308
8439.999999999998,0.024259557124989308
8449.999999999998,0.024259557124989308
8459.999999999998,0.02426052828436409
8469.999999999998,0.024370269274973544
8479.999999999998,0.024561587637472806
8489.999999999998,0.02472474238121263
8499.999999999998,0.024745136718703955
8509.999999999998,0.024745136718703955
8519.999999999998,0.024640251537479663
8529.999999999998,0.02444601969372966
8539.999999999998,0.024279951471859795
8549.999999999998,0.024259557124989308
8559.999999999998,0.024259557124989308
8569.999999999998,0.024259557124989308
8579.999999999998,0.024259557124989308
8589.999999999998,0.024259557124989308
8599.999999999998,0.024259557124989308
8609.999999999998,0.024259557124989308
8619.999999999998,0.024355701884346083
8629.999999999998,0.0245489625687213
8639.999999999998,0.024699492249973767
8649.999999999998,0.02455867415934845
8659.999999999998,0.024367355793722803
8669.999999999998,0.024259557124989308
8679.999999999998,0.024259557124989308
8689.999999999998,0.024259557124989308
8699.999999999998,0.024259557124989308
8709.999999999998,0.024259557124989308
8719.999999999998,0.024259557124989308
8729.999999999998,0.024259557124989308
8739.999999999998,0.024259557124989308
8749.999999999998,0.024259557124989308
8759.999999999998,0.024259557124989308
8769.999999999998,0.024259557124989308
8779.999999999998,0.024259557124989308
8789.999999999998,0.024259557124989308
8799.999999999998,0.024259557124989308
8809.999999999998,0.024259557124989308
8819.999999999998,0.0243139420406038
8829.999999999998,0.02449943344997505
8839.999999999998,0.02467715558747441
8849.999999999998,0.024607232121851987
8859.999999999998,0.02441397143747677
8869.999999999998,0.024270239878111943
8879.999999999998,0.024259557124989308
8889.999999999998,0.024259557124989308
8899.999999999998,0.024259557124989308
8909.999999999998,0.024259557124989308
8919.999999999998,0.024306172765599834
8929.999999999998,0.02448486605934759
8939.999999999998,0.024674242106223668
8949.999999999998,0.024745136718703955
8959.999999999998,0.024745136718703955
8969.999999999998,0.02470823267496767
8979.999999999998,0.024532452859349952
8989.999999999998,0.02434307681872665
8999.999999999998,0.0243741539093463
9009.999999999998,0.024568385753096302
9019.999999999998,0.02469463645309984
9029.999999999998,0.024539250974973448
9039.999999999998,0.02434599029059823
9049.999999999998,0.024259557124989308
9059.999999999998,0.024259557124989308
9069.999999999998,0.024290634218729658
9079.999999999998,0.024463500556223018
9089.999999999998,0.024654818921848665
9099.999999999998,0.02464704964997677
9109.999999999998,0.02445961591872388
9119.999999999998,0.02428966306248126
9129.999999999998,0.024259557124989308
9139.999999999998,0.024259557124989308
9149.999999999998,0.02029042942497481
9159.999999999998,0.010381152568726282
9169.999999999998,0.002472571343730575
9179.999999999998,0.0011440255374736796
9189.999999999998,8.332545905943782E-4
9199.999999999998,0.0010469096187193817
9209.999999999998,0.0061823995343445355
9219.999999999998,0.012587194546847503
9229.999999999998,0.01735321219997273
9239.999999999998,0.02050117096871132
9249.999999999998,0.023466120046836618
9259.999999999998,0.02445573128434544
9269.999999999998,0.024679097906223982
9279.999999999998,0.02461305907497431
9289.999999999998,0.024453788965601554
9299.999999999998,0.024312970884349718
9309.999999999998,0.02441300028122837
9319.999999999998,0.024607232121851987
9329.999999999998,0.02467715558747441
9339.999999999998,0.024498462290600265
9349.999999999998,0.0243139420406038
9359.999999999998,0.024259557124989308
9369.999999999998,0.024259557124989308
9379.999999999998,0.024321711315602082
9389.999999999998,0.024510116199976985
9399.999999999998,0.024277037990603368
9409.999999999998,0.01692190986559579
9419.999999999998,0.006512593671845927
9429.999999999998,5.758973999661515E-4
9439.999999999998,4.8557959371464633E-4
9449.999999999998,5.613300093443735E-4
9459.999999999998,0.001346026653101261
9469.999999999998,0.0023133012312314327
9479.999999999998,0.002525013934359774
9489.999999999998,0.0015713355937236866
9499.999999999998,0.0013499112843476258
9509.999999999998,0.008369450087474199
9519.999999999998,0.016780228265596962
9529.999999999998,0.022710558178104613
9539.999999999998,0.02355255321873242
9549.999999999998,0.024116796721855828
9559.999999999998,0.02441300028122837
9569.999999999998,0.024607232121851987
9579.999999999998,0.021813207062470474
9589.999999999998,0.011971911362473962
9599.999999999998,0.003938050593728799
9609.999999999998,0.00977763093749217
9619.999999999998,0.018360304303101302
9629.999999999998,0.024406202168725577
9639.999999999998,0.024494577653095442
9649.999999999998,0.024310057403098974
9659.999999999998,0.024259557124989308
9669.999999999998,0.024259557124989308
9679.999999999998,0.024321711315602082
9689.999999999998,0.024510116199976985
9699.999999999998,0.024684924862478377
9709.999999999998,0.024591693574970444
9719.999999999998,0.02439746173122044
9729.999999999998,0.024329480587473973
9739.999999999998,0.024510116199976985
9749.999999999998,0.024684924862478377
9759.999999999998,0.024591693574970444
9769.999999999998,0.02439746173122044
9779.999999999998,0.024265384081238017
9789.999999999998,0.024259557124989308
9799.999999999998,0.024259557124989308
9809.999999999998,0.024259557124989308
9819.999999999998,0.024259557124989308
9829.999999999998,0.024272182196861516
9839.999999999998,0.02442659650935466
9849.999999999998,0.024620828353104664
9859.999999999998,0.024742223243705987
9869.999999999998,0.024745136718703955
9879.999999999998,0.024745136718703955
9889.999999999998,0.024745136718703955
9899.999999999998,0.024745136718703955
9909.999999999998,0.024655790081223452
9919.999999999998,0.02446155823747345
9929.999999999998,0.02430811509060218
9939.999999999998,0.02444601969372966
9949.999999999998,0.02463928037810488
9959.999999999998,0.02474416555932917
9969.999999999998,0.024745136718703955
9979.999999999998,0.02472862701871177
9989.999999999998,0.02458489545935263
9999.999999999998,0.024410086803104015
10009.999999999998,0.024305201609351436
10019.999999999998,0.024443106215605304
10029.999999999998,0.024605289799970342
10039.999999999998,0.02469852109059898
10049.999999999998,0.024536337496849095
10059.999999999998,0.024351817246846943
10069.999999999998,0.024259557124989308
10079.999999999998,0.024259557124989308
10089.999999999998,0.0242877207406053
10099.999999999998,0.02446155823747345
10109.999999999998,0.024655790081223452
10119.999999999998,0.024745136718703955
10129.999999999998,0.024745136718703955
10139.999999999998,0.024745136718703955
10149.999999999998,0.024745136718703955
10159.999999999998,0.024745136718703955
10169.999999999998,0.024745136718703955
10179.999999999998,0.024745136718703955
10189.999999999998,0.024745136718703955
10199.999999999998,0.024745136718703955
10209.999999999998,0.024745136718703955
10219.999999999998,0.024649963128101127
10229.999999999998,0.024455731284351124
10239.999999999998,0.02431005740935175
10249.999999999998,0.02446155823747345
10259.999999999998,0.02466161703747216
10269.999999999998,0.024637338056223236
10279.999999999998,0.024448933168721945
10289.999999999998,0.02430811509060218
10299.999999999998,0.024455731281224736
10309.999999999998,0.02464996312497474
10319.999999999998,0.024745136718703955
10329.999999999998,0.024745136718703955
10339.999999999998,0.024745136718703955
10349.999999999998,0.024745136718703955
10359.999999999998,0.024745136718703955
10369.999999999998,0.024649963128101127
10379.999999999998,0.02445378896559587
10389.999999999998,0.024310057403098974
10399.999999999998,0.02446155823747345
10409.999999999998,0.02465967471872259
10419.999999999998,0.024638309215598023
10429.999999999998,0.024450875487471515
10439.999999999998,0.02430811509060218
10449.999999999998,0.02444601969372966
10459.999999999998,0.024633453421850485
10469.999999999998,0.024666472834346087
10479.999999999998,0.02447515446872044
10489.999999999998,0.0243139420437245
10499.999999999998,0.02443242346560337
10509.999999999998,0.02462179950935306
10519.999999999998,0.023657438403094467
10529.999999999998,0.020797374534348004
10539.999999999998,0.017623086818718985
10549.999999999998,0.011418890009349513
10559.999999999998,0.005039345143723034
10569.999999999998,0.0012974686874827044
10579.999999999998,9.060915312204534E-4
10589.999999999998,5.555030562163659E-4
10599.999999999998,4.8557959371464633E-4
10609.999999999998,4.8557959371464633E-4
10619.999999999998,5.574453718452327E-4
10629.999999999998,7.477925780960952E-4
10639.999999999998,9.400821030965281E-4
10649.999999999998,0.0011343139468465314
10659.999999999998,0.001328545787475831
10669.999999999998,0.001385844178105343
10679.999999999998,0.0011964681343499695
10689.999999999998,0.0010362268655967444
10699.999999999998,0.001283872465597823
10709.999999999998,0.0016703938312275552
10719.999999999998,0.0017510000406105045
10729.999999999998,0.0011945258124796952
10739.999999999998,6.409650687146488E-4
10749.999999999998,4.8557959371464633E-4
10759.999999999998,4.8557959371464633E-4
10769.999999999998,5.36079868720662E-4
10779.999999999998,7.206001187228133E-4
10789.999999999998,9.167742812223869E-4
10799.999999999998,0.0012430837749775481
10809.999999999998,0.0016315474593568509
10819.999999999998,0.0018801642187327144
10829.999999999998,0.0017111825187271263
10839.999999999998,0.0015383161781016938
10849.999999999998,0.0027648902624775908
10859.999999999998,0.004697497093724219
10869.999999999998,0.007755677456225378
10879.999999999998,0.014414484421851613
10889.999999999998,0.02100714491872109
10899.999999999998,0.024364442315598447
10909.999999999998,0.02455673184059888
10919.999999999998,0.024721828903088272
10929.999999999998,0.024745136718703955
10939.999999999998,0.024745136718703955
10949.999999999998,0.02465676124373031
10959.999999999998,0.024465442874978274
10969.999999999998,0.02428966306248126
10979.999999999998,0.024259557124989308
10989.999999999998,0.024259557124989308
10999.999999999998,0.024259557124989308
11009.999999999998,0.024259557124989308
11019.999999999998,0.024259557124989308
11029.999999999998,0.024259557124989308
11039.999999999998,0.024259557124989308
11049.999999999998,0.024338221018720654
11059.999999999998,0.0245295393843463
11069.999999999998,0.0246965787749758
11079.999999999998,0.024578097346849837
11089.999999999998,0.024383865503099834
11099.999999999998,0.024322682471844794
11109.999999999998,0.024475154471858197
11119.999999999998,0.02463053994373181
11129.999999999998,0.0247412520843312
11139.999999999998,0.024745136718703955
11149.999999999998,0.0247412520843312
11159.999999999998,0.024563529959354447
11169.999999999998,0.024327538268724403
11179.999999999998,0.02438775013747259
11189.999999999998,0.024543135612466904
11199.999999999998,0.02468686717810156
11209.999999999998,0.02461500139372388
11219.999999999998,0.02441397143747677
11229.999999999998,0.024320740153095224
11239.999999999998,0.024512058518726555
11249.999999999998,0.024702405721845344
11259.999999999998,0.024745136718703955
11269.999999999998,0.024745136718703955
11279.999999999998,0.024745136718703955
11289.999999999998,0.024745136718703955
11299.999999999998,0.024740280924956417
11309.999999999998,0.02460140516559759
11319.999999999998,0.024407173321847588
11329.999999999998,0.024317826678097256
11339.999999999998,0.024494577649974737
11349.999999999998,0.024682982540602416
11359.999999999998,0.024745136718703955
11369.999999999998,0.024745136718703955
11379.999999999998,0.02469269413122388
11389.999999999998,0.02450623156247216
11399.999999999998,0.024323653631225264
11409.999999999998,0.024403288687474836
11419.999999999998,0.02459752052809845
11429.999999999998,0.02473930976558163
11439.999999999998,0.024745136718703955
11449.999999999998,0.024742223243705987
11459.999999999998,0.024608203278100385
11469.999999999998,0.024418827234350696
11479.999999999998,0.024270239878111943
11489.999999999998,0.024259557124989308
11499.999999999998,0.024261499443738878
11509.999999999998,0.02438775013747259
11519.999999999998,0.02458489545935263
11529.999999999998,0.024695607612474624
11539.999999999998,0.02451982779059845
11549.999999999998,0.024329480587473973
11559.999999999998,0.02438775013747259
11569.999999999998,0.024581981981222592
11579.999999999998,0.024734453971834092
11589.999999999998,0.024745136718703955
11599.999999999998,0.02474416555932917
11609.999999999998,0.02462082834997259
11619.999999999998,0.0244324234624713
11629.999999999998,0.024274124515611086
11639.999999999998,0.024259557124989308
11649.999999999998,0.024259557124989308
11659.999999999998,0.02435958652185091
11669.999999999998,0.024550904887476556
11679.999999999998,0.02471988658746509
11689.999999999998,0.024745136718703955
11699.999999999998,0.024745136718703955
11709.999999999998,0.024655790084355523
11719.999999999998,0.024462529399980306
11729.999999999998,0.02431005740935175
11739.999999999998,0.024445048534354877
11749.999999999998,0.024636366899980524
11759.999999999998,0.02483059874060414
11769.999999999998,0.02502483058435414
11779.999999999998,0.024715030793734605
11789.999999999998,0.02019816929372096
11799.999999999998,0.01434542447810257
11809.999999999998,0.009391109571851065
11819.999999999998,0.005717214271851383
11829.999999999998,0.0021258674999842216
11839.999999999998,0.001109063803102116
11849.999999999998,0.0013091226031008308
11859.999999999998,0.0013431131780976089
11869.999999999998,9.71159196848247E-4
11879.999999999998,6.040610187142186E-4
11889.999999999998,7.672157624710956E-4
11899.999999999998,0.0011508236499764724
11909.999999999998,0.001365449837476261
11919.999999999998,0.0010935252562262565
11929.999999999998,7.924659062155106E-4
11939.999999999998,5.263682780935136E-4
11949.999999999998,4.8557959371464633E-4
11959.999999999998,4.8557959371464633E-4
11969.999999999998,5.972628999700185E-4
11979.999999999998,8.002351780930886E-4
11989.999999999998,9.595052781094174E-4
11999.999999999998,9.711591874861361E-4
12009.999999999998,9.721303468609213E-4
12019.999999999998,0.0010779867124711007
12029.999999999998,0.0012702762343508298
12039.999999999998,0.0014363444655941734
12049.999999999998,0.0014567388124646628
12059.999999999998,0.0014567388124646628
12069.999999999998,0.0012634781187273333
12079.999999999998,8.944376187230308E-4
12089.999999999998,5.516184187172251E-4
12099.999999999998,4.8557959371464633E-4
12109.999999999998,4.8557959371464633E-4
12119.999999999998,5.846378312185146E-4
12129.999999999998,7.817831530928735E-4
12139.999999999998,0.002342436009348601
12149.999999999998,0.010869213893721499
12159.999999999998,0.019471310446843387
12169.999999999998,0.024659674721854666
12179.999999999998,0.024465442878104662
12189.999999999998,0.02428966306248126
12199.999999999998,0.024259557124989308
12209.999999999998,0.024259557124989308
12219.999999999998,0.024345019134349832
12229.999999999998,0.024538279815598665
12239.999999999998,0.024697549931224194
12249.999999999998,0.02458003966247302
12259.999999999998,0.024396490571851337
12269.999999999998,0.024319768993720438
12279.999999999998,0.02450428924372259
12289.999999999998,0.02469269413122388
12299.999999999998,0.024745136718703955
12309.999999999998,0.024745136718703955
12319.999999999998,0.024695607609348236
12329.999999999998,0.024510116199971302
12339.999999999998,0.024319768993720438
12349.999999999998,0.024259557124989308
12359.999999999998,0.024259557124989308
12369.999999999998,0.024308115087475792
12379.999999999998,0.024490693012475598
12389.999999999998,0.024682011378101245
12399.999999999998,0.024745136718703955
12409.999999999998,0.024745136718703955
12419.999999999998,0.0247053191999697
12429.999999999998,0.024523712428097588
12439.999999999998,0.024336278699971084
12449.999999999998,0.024383865503099834
12459.999999999998,0.024574212709350698
12469.999999999998,0.02469463645622623
12479.999999999998,0.024530510543721087
12489.999999999998,0.02434113449684501
12499.999999999998,0.024378038546851125
12509.999999999998,0.024568385753101985
12519.999999999998,0.02472862701871177
12529.999999999998,0.024745136718703955
12539.999999999998,0.024745136718703955
12549.999999999998,0.024648020809351558
12559.999999999998,0.024459615921850267
12569.999999999998,0.02430811509060218
12579.999999999998,0.02444601969059759
12589.999999999998,0.02463636689684845
12599.999999999998,0.024745136718703955
12609.999999999998,0.024745136718703955
12619.999999999998,0.024729598174960166
12629.999999999998,0.024568385749975597
12639.999999999998,0.02437415391247837
12649.999999999998,0.024259557124989308
12659.999999999998,0.024259557124989308
12669.999999999998,0.024274124515611086
12679.999999999998,0.0244324234624713
12689.999999999998,0.024623741828096946
12699.999999999998,0.02474416555932917
12709.999999999998,0.024745136718703955
12719.999999999998,0.024734453971834092
12729.999999999998,0.024585866618727414
12739.999999999998,0.024393577093726984
12749.999999999998,0.024261499443738878
12759.999999999998,0.024259557124989308
12769.999999999998,0.02391479560311323
12779.999999999998,0.016588802256228496
12789.999999999998,0.006995259796849488
12799.999999999998,0.001412065474983136
12809.999999999998,0.0012391991437198146
12819.999999999998,0.0010838136655991083
12829.999999999998,8.992934124762533E-4
12839.999999999998,6.545612905995307E-4
12849.999999999998,4.89464231213787E-4
12859.999999999998,4.8557959371464633E-4
12869.999999999998,4.8557959371464633E-4
12879.999999999998,4.8557959371464633E-4
12889.999999999998,4.8557959371464633E-4
12899.999999999998,5.001469812157206E-4
12909.999999999998,7.866389468460959E-4
12919.999999999998,0.0011751026312253987
12929.999999999998,0.0014470272187168108
12939.999999999998,0.0014567388124646628
12949.999999999998,0.0014421714218428847
12959.999999999998,0.0011556794468503984
12969.999999999998,7.66244606217014E-4
12979.999999999998,4.3313699371765274E-4
12989.999999999998,2.3502051246850872E-4
12999.999999999998,5.6327218720753014E-5
13009.999999999998,1.5344314060143903E-4
13019.999999999998,3.4767498435144234E-4
13029.999999999998,7.147731624741021E-4
13039.999999999998,0.0014771331468523374
13049.999999999998,0.0022307527030989128
13059.999999999998,0.002427898031214679
13069.999999999998,0.002427898031214679
13079.999999999998,0.0022472624093495576
13089.999999999998,0.0016849612156079258
13099.999999999998,0.0014499406937204626
13109.999999999998,0.006728191021852575
13119.999999999998,0.014015337974976193
13129.999999999998,0.01821355162185226
13139.999999999998,0.01074199203748093
13149.999999999998,0.0029756318124782377
13159.999999999998,0.005320010153093331
13169.999999999998,0.01299367849060501
13179.999999999998,0.018662766578094632
13189.999999999998,0.020044726143723306
13199.999999999998,0.020978010143713255
13209.999999999998,0.020206909731220413
13219.999999999998,0.01845396734684924
13229.999999999998,0.017553702762475594
13239.999999999998,0.019449405537469017
13249.999999999998,0.021513118868719497
13259.999999999998,0.020422507071842212
13269.999999999998,0.017504173643729342
13279.999999999998,0.01568227894998414
13289.999999999998,0.017515827553100376
13299.999999999998,0.019614502606211184
13309.999999999998,0.019997139334341777
13319.999999999998,0.019422213087474896
13329.999999999998,0.01868607439996877
13339.999999999998,0.017386663371851782
13349.999999999998,0.016060059890602912
13359.999999999998,0.016249435934358285
13369.999999999998,0.017408028874982037
13379.999999999998,0.01741525874996908
13389.999999999998,0.012831926665580782
13399.999999999998,0.008413152249960367
13409.999999999998,0.00907742514684741
13419.999999999998,0.012359943284349119
13429.999999999998,0.014459589509340263
13439.999999999998,0.013110649356235612
13449.999999999998,0.011482986512459083
13459.999999999998,0.012333721987477009
13469.999999999998,0.015445855506223426
13479.999999999998,0.018313149256223918
13489.999999999998,0.018927893031215587
13499.999999999998,0.018927893031215587
13509.999999999998,0.01943289583121837
13519.999999999998,0.02077600902809136
13529.999999999998,0.021694725640597292
13539.999999999998,0.01735893151559933
13549.999999999998,0.01135188002497215
13559.999999999998,0.008365565443727964
13569.999999999998,0.008528720190605545
13579.999999999998,0.008375277034355113
13589.999999999998,0.00561135791872402
13599.999999999998,0.0022598874687332652
13609.999999999998,1.3984690934307746E-4
13619.999999999998,2.544436999698971E-4
13629.999999999998,6.749556374757045E-4
13639.999999999998,0.004282812112478492
13649.999999999998,0.009079367465596979
13659.999999999998,0.013250496284342703
13669.999999999998,0.015860540487474838
13679.999999999998,0.01833548593122883
13689.999999999998,0.014270645218721241
13699.999999999998,0.006953499946848744
13709.999999999998,0.003555413862477505
13719.999999999998,0.009509590996850639
13729.999999999998,0.015704183856226437
13739.999999999998,0.021021712309337186
13749.999999999998,0.015716701287482218
13759.999999999998,0.00772362920311024
13769.999999999998,0.00557639618747316
13779.999999999998,0.008972539956226901
13789.999999999998,0.012561944406218105
13799.999999999998,0.01664523714059952
13809.999999999998,0.021095520403113688
13819.999999999998,0.021954025159342885
13829.999999999998,0.017432739606221027
13839.999999999998,0.0134515262405955
13849.999999999998,0.014754390146842399
13859.999999999998,0.016714621199983508
13869.999999999998,0.01851417921872381
13879.999999999998,0.019828157634341877
13889.999999999998,0.020575950231224716
13899.999999999998,0.013505371759350722
13909.999999999998,0.0047887860656089685
13919.999999999998,0.005495789968722416
13929.999999999998,0.01509526702809295
13939.999999999998,0.023404937018725015
13949.999999999998,0.024374153915599075
13959.999999999998,0.0240021999374761
13969.999999999998,0.02316020490621609
13979.999999999998,0.02161509059058913
13989.999999999998,0.020121447715595743
13999.999999999998,0.019190106028085532
14009.999999999998,0.018396668959346114
14019.999999999998,0.01716232559373053
14029.999999999998,0.01522529472809991
14039.999999999998,0.013157264999966844
14049.999999999998,0.008487931503100288
14059.999999999998,0.002971747178099801
14069.999999999998,0.0034874327124782643
14079.999999999998,0.010884752431223877
14089.999999999998,0.017158009199968644
14099.999999999998,0.01826556246248002
14109.999999999998,0.018074244096854368
14119.999999999998,0.018693843678099127
14129.999999999998,0.020615767759343817
14139.999999999998,0.02220944002497445
14149.999999999998,0.01995732180934906
14159.999999999998,0.016572292553104245
14169.999999999998,0.014074039299964612
14179.999999999998,0.012922244471843657
14189.999999999998,0.012257000406219722
14199.999999999998,0.015967368006218393
14209.999999999998,0.02089740392809459
14219.999999999998,0.02422071075310155
14229.999999999998,0.02329713834373306
14239.999999999998,0.021997727315599014
14249.999999999998,0.01767650058122283
14259.999999999998,0.011599525628099617
14269.999999999998,0.010000997559353655
14279.999999999998,0.015840146143725052
14289.999999999998,0.021629657971848792
14299.999999999998,0.022152141631224233
14309.999999999998,0.019834955749976735
14319.999999999998,0.017663443749970024
14329.999999999998,0.015843923146854857
14339.999999999998,0.014208059271840042
14349.999999999998,0.016469457315602638
14359.999999999998,0.02053613269996786
14369.999999999998,0.023636072909343376
14379.999999999998,0.0200991110530907
14389.999999999998,0.015369026293723193
14399.999999999998,0.016176167231228063
14409.999999999998,0.020056380046841564
14419.999999999998,0.023401052387467283
14429.999999999998,0.023773977531217818
14439.999999999998,0.023773977531217818
14449.999999999998,0.023773977531217818
14459.999999999998,0.023773977531217818
14469.999999999998,0.022699875437470474
14479.999999999998,0.0164042820187319
14489.999999999998,0.009233781787480655
14499.999999999998,0.004957767771867334
14509.999999999998,0.0076838116749740875
14519.999999999998,0.010243787359337366
14529.999999999998,0.00986697758121408
14539.999999999998,0.009098790649966295
14549.999999999998,0.01207733595309718
14559.999999999998,0.017920369178094104
14569.999999999998,0.023126214318719442
14579.999999999998,0.01981844604060539
14589.999999999998,0.014013288031225087
14599.999999999998,0.011928748603111206
14609.999999999998,0.013474834053101846
14619.999999999998,0.014568359334350574
14629.999999999998,0.012779484065595158
14639.999999999998,0.010483663684340162
14649.999999999998,0.008747231015604475
14659.999999999998,0.007691580953093073
14669.999999999998,0.006636902046852805
14679.999999999998,0.007700321384351121
14689.999999999998,0.014215396784354071
14699.999999999998,0.020531276899973232
14709.999999999998,0.02305531969685999
14719.999999999998,0.022666856009359984
14729.999999999998,0.021823889815598796
14739.999999999998,0.01928722195622468
14749.999999999998,0.016639841940602182
14759.999999999998,0.017432307853081835
14769.999999999998,0.020540017343702727
14779.999999999998,0.0216481099999754
14789.999999999998,0.014862081181223613
14799.999999999998,0.0075196857687274046
14809.999999999998,0.005197644090600301
14819.999999999998,0.005003412249976686
14829.999999999998,0.006834047365595092
14839.999999999998,0.014129934768723717
14849.999999999998,0.021223713421844065
14859.999999999998,0.024259557124989308
14869.999999999998,0.024259557124989308
14879.999999999998,0.024222653071856805
14889.999999999998,0.02404395978122975
14899.999999999998,0.023805054612481037
14909.999999999998,0.021372300784352642
14919.999999999998,0.017486153371862635
14929.999999999998,0.012849407534349653
14939.999999999998,0.007503176065591779
14949.999999999998,0.002222012259346681
14959.999999999998,0.0011673333562271172
14969.999999999998,0.0021433483718510593
14979.999999999998,0.0037010877437296547
14989.999999999998,0.006916595896853999
14999.999999999998,0.010261268228106236
15009.999999999998,0.014443619199991518
15019.999999999998,0.01869869947185803
15029.999999999998,0.022023948612476807
15039.999999999998,0.02041570895621872
15049.999999999998,0.018262648981223588
15059.999999999998,0.015086418956224163
15069.999999999998,0.011463563331227522
15079.999999999998,0.007973217118728816
15089.999999999998,0.004479957434358534
15099.999999999998,0.0010760443874801224
15109.999999999998,1.3790459059350715E-4
15119.999999999998,3.321364343435104E-4
15129.999999999998,0.0025648314656052645
15139.999999999998,0.010575923809346924
15149.999999999998,0.018142764640597858
15159.999999999998,0.018841459874974455
15169.999999999998,0.014438655768725524
15179.999999999998,0.010651674231229424
15189.999999999998,0.008081986956221945
15199.999999999998,0.005638550368723821
15209.999999999998,0.005265625237473155
15219.999999999998,0.005848320765596776
15229.999999999998,0.006776748971856244
15239.999999999998,0.008662740162480977
15249.999999999998,0.010485606006233175
15259.999999999998,0.008226689674972922
15269.999999999998,0.003973012324979658
15279.999999999998,0.0028726889312224533
15289.999999999998,0.011923461040598217
15299.999999999998,0.020711912521849722
15309.999999999998,0.0244062021624728
15319.999999999998,0.02382447779997674
15329.999999999998,0.0226600579030986
15339.999999999998,0.0188841908812236
15349.999999999998,0.014517319659347534
15359.999999999998,0.010206883312474692
15369.999999999998,0.005933782778100744
15379.999999999998,0.003434018962485649
15389.999999999998,0.00936780175309763
15399.999999999998,0.015980964231212612
15409.999999999998,0.015437007434348953
15419.999999999998,0.0073400213187369365
15429.999999999998,0.0017238075843579266
15439.999999999998,0.004550852056229356
15449.999999999998,0.008190756787473667
15459.999999999998,0.0082276608405948
15469.999999999998,0.005716243112470914
15479.999999999998,0.0048742480749638115
15489.999999999998,0.011709266615599736
15499.999999999998,0.018735171759365683
15509.999999999998,0.018987565518727913
15519.999999999998,0.010273893293725668
15529.999999999998,0.0028697754593565573
15539.999999999998,0.0010867271437234637
15549.999999999998,6.788402749691607E-4
15559.999999999998,0.0040487627406037025
15569.999999999998,0.010861444624981677
15579.999999999998,0.016610275393722403
15589.999999999998,0.01285081044684374
15599.999999999998,0.006407708465599165
15609.999999999998,0.0034369324343572283
15619.999999999998,0.005882311334346463
15629.999999999998,0.00845685440934857
15639.999999999998,0.011738401393728271
15649.999999999998,0.015117603693724377
15659.999999999998,0.015576854362484465
15669.999999999998,0.010158325349976838
15679.999999999998,0.004984960228097174
15689.999999999998,0.0028522945906047396
15699.999999999998,0.0016218358749711097
15709.999999999998,0.0011401408968538353
15719.999999999998,0.004111888090596946
15729.999999999998,0.007488608674975687
15739.999999999998,0.011085782399982227
15749.999999999998,0.015554625337475148
15759.999999999998,0.02009911105622278
15769.999999999998,0.020420564749966258
15779.999999999998,0.011951517021850565
15789.999999999998,0.004818891993710389
15799.999999999998,0.004860651840579062
15809.999999999998,0.006431987459325222
15819.999999999998,0.00600079275935172
15829.999999999998,0.0032300755280971283
15839.999999999998,6.186284031002734E-4
15849.999999999998,1.6315473122290302E-4
15859.999999999998,3.5155961871851076E-4
15869.999999999998,4.8266611559029073E-4
15879.999999999998,4.8557959371464633E-4
15889.999999999998,0.0011488813343476058
15899.999999999998,0.007313800015595001
15909.999999999998,0.014491205999976829
15919.999999999998,0.017195776771853827
15929.999999999998,0.01253960774997721
15939.999999999998,0.008893876068714225
15949.999999999998,0.011867565568724092
15959.999999999998,0.0160392337749755
15969.999999999998,0.016200338578090605
15979.999999999998,0.008764711878097832
15989.999999999998,0.001960770437477774
15999.999999999998,3.185402062172212E-4
16009.999999999998,1.1945256871967997E-4
16019.999999999998,8.944376187230312E-4
16029.999999999998,0.0031698636531018536
16039.999999999998,0.00537536622809966
16049.999999999998,0.0064737472999581705
16059.999999999998,0.007244847718709473
16069.999999999998,0.0073575021843396305
16079.999999999998,0.006221245903094535
16089.999999999998,0.00537730854684923
16099.999999999998,0.009282339740593662
16109.999999999998,0.014564042937470833
16119.999999999998,0.016800514968736007
16129.999999999998,0.011657795181230302
16139.999999999998,0.006594171037482959
16149.999999999998,0.003832194237480731
16159.999999999998,0.0019054143593564255
16169.999999999998,0.0015820183437256206
16179.999999999998,0.005084989624975828
16189.999999999998,0.00870644232809922
16199.999999999998,0.01168110299998374
16209.999999999998,0.014387723724979637
16219.999999999998,0.01683849781560694
16229.999999999998,0.019525155956219446
16239.999999999998,0.02221818045622681
16249.999999999998,0.02094499073121197
16259.999999999998,0.017016112315604896
16269.999999999998,0.012488136303096541
16279.999999999998,0.0072137706187277145
16289.999999999998,0.0019199817468574993
16299.999999999998,1.2139488747493478E-4
16309.999999999998,3.068862968405025E-4
16319.999999999998,4.6712756559372747E-4
16329.999999999998,4.8557959371464633E-4
16339.999999999998,4.8557959371464633E-4
16349.999999999998,4.8557959371464633E-4
16359.999999999998,4.8557959371464633E-4
16369.999999999998,0.0016383455812217548
16379.999999999998,0.008280103431218315
16389.999999999996,0.015301152781250937
16399.999999999996,0.016798572640664117
16409.999999999996,0.01203848958753041
16419.999999999996,0.007875130046920722
16429.999999999996,0.005177249753160135
16439.999999999996,0.002682341731269841
16449.999999999996,0.0023977920812853866
16459.999999999996,0.010616712493811055
16469.999999999996,0.018314659818764747
16479.999999999996,0.02089837508753474
16489.999999999996,0.022049198756286595
16499.999999999996,0.023061146656283407
16509.999999999996,0.023841958659403396
16519.999999999996,0.024435336937534635
16529.999999999996,0.02250564358440099
16539.999999999996,0.01979999401565349
16549.999999999996,0.015389420634414803
16559.999999999996,0.0083733347156567
16569.999999999996,0.002289022250022296
16579.999999999996,0.002535696690665643
16589.999999999996,0.004265331246892852
16599.999999999996,0.0045906695844109835
16609.999999999996,0.002683312890655995
16619.999999999996,0.0011314004687847034
16629.999999999996,0.004109945771904218
16639.999999999996,0.008335459509407875
16649.999999999996,0.012768801315655751
16659.999999999996,0.01718714397190409
16669.999999999996,0.02171414882502061
16679.999999999996,0.01782897257816101
16689.999999999996,0.009933016412526275
16699.999999999996,0.0067262486906542965
16709.999999999996,0.012177365350044047
16719.999999999996,0.017171605431263955
16729.999999999996,0.013640362893795539
16739.999999999996,0.006659238706288298
16749.999999999996,0.001288728259419257
16759.999999999996,7.380809875144216E-4
16769.999999999996,5.89493625057002E-4
16779.999999999996,0.0018714237875315106
16789.999999999996,0.0037486745406567898
16799.999999999996,0.005637579209428618
16809.999999999996,0.00853746062815616
16819.999999999996,0.012046258859425042
16829.999999999996,0.01401576974377575
16839.999999999996,0.010585635406289373
16849.999999999996,0.006728191009426603
16859.999999999996,0.0045838714656611
16869.999999999996,0.0034184804094024874
16879.999999999996,0.0024162441093949355
16889.999999999996,0.0019811647781580156
16899.999999999996,0.0016033838406542583
16909.999999999996,0.001952030000040848
16919.999999999996,0.002728957375040861
16929.999999999996,0.004554736700026747
16939.999999999996,0.010070921018791514
16949.999999999996,0.015625519956284948
16959.999999999996,0.019442607425020225
16969.999999999996,0.02215699742816353
16979.999999999996,0.024181864387509203
16989.999999999996,0.02271541397502117
16999.999999999996,0.0207730955469003
17009.999999999996,0.020530305746905224
17019.999999999996,0.02169569680315247
17029.999999999996,0.02262800964375058
17039.999999999996,0.022394931434399704
17049.999999999996,0.022006467753152473
17059.999999999996,0.01682867858753523
17069.999999999996,0.007769273684402824
17079.999999999996,0.002623101021924865
17089.999999999996,0.00938139798129213
17099.999999999996,0.016649121768767813
17109.999999999996,0.019998110496879898
17119.999999999996,0.020192342337548987
17129.999999999996,0.020186515387518946
17139.999999999996,0.019160971253160124
17149.999999999996,0.017995580196901513
17159.999999999996,0.017362384393771874
17169.999999999996,0.01716815255003324
17179.999999999996,0.01655966749067373
17189.999999999996,0.013868153543796766
17199.999999999996,0.011168330937528014
17209.999999999996,0.009187166137508019
17219.999999999996,0.007633311387507995
17229.999999999996,0.0074118871031600905
17239.999999999996,0.011851055862530293
17249.999999999996,0.016364572115645598
17259.999999999996,0.015439920912535838
17269.999999999996,0.010129190575037217
17279.999999999996,0.006164918665672298
17289.999999999996,0.006042552609403623
17299.999999999996,0.00629505400629568
17309.999999999996,0.01065264538442533
17319.999999999996,0.016981258221898075
17329.999999999996,0.021235367334423907
17339.999999999996,0.012967349556322446
17349.999999999996,0.003625337325058803
17359.999999999996,0.0012964975343948016
17369.999999999996,0.0034107111406683514
17379.999999999996,0.005390904775026678
17389.999999999996,0.006807826068791194
17399.999999999996,0.008133458387521834
17409.999999999996,0.0078858127875037
17419.999999999996,0.0063397273218811214
17429.999999999996,0.00608042781565245
17439.999999999996,0.012442060062522832
17449.999999999996,0.01907356692502729
17459.999999999996,0.02295917494066655
17469.999999999996,0.022190988000039602
17479.999999999996,0.021414060625039588
17489.999999999996,0.020646844853166594
17499.999999999996,0.01987380211879211
17509.999999999996,0.016256665812534248
17519.999999999996,0.00878413506253536
17529.999999999996,0.002352147593774131
17539.999999999996,0.004818892000025695
17549.999999999996,0.010034016975032492
17559.999999999996,0.013757441393806845
17569.999999999996,0.014606234550058148
17579.999999999996,0.0154011821812844
17589.999999999996,0.017027334462528625
17599.999999999996,0.019150288506278895
17609.999999999996,0.018670967615662427
17619.999999999996,0.01011850782501823
17629.999999999996,0.0021414060625374954
17639.999999999996,3.1263880373444376E-11
17649.999999999996,3.1263880373444376E-11
17659.999999999996,0.0011731603375210392
17669.999999999996,0.010339932125032184
17679.999999999996,0.019963688165665856
17689.999999999996,0.022628980803148104
17699.999999999996,0.018768622931275993
17709.999999999996,0.014564906462533129
17719.999999999996,0.010440932681274252
17729.999999999996,0.006455295275043221
17739.999999999996,0.006773835500064245
17749.999999999996,0.009864064103180671
17759.999999999996,0.013064033718796952
17769.999999999996,0.01641701471565396
17779.999999999996,0.01999131238439416
17789.999999999996,0.023437956428148235
17799.999999999996,0.018602986471910277
17809.999999999996,0.009470744625036775
17819.999999999996,0.0041458786625412315
17829.999999999996,0.005702646884401469
17839.999999999996,0.007687696312541441
17849.999999999996,0.011887959906289314
17859.999999999996,0.01638593762502863
17869.999999999996,0.02027197739690221
17879.999999999996,0.022291988559396694
17889.999999999996,0.023994430659394064
17899.999999999996,0.018869084087532406
17909.999999999996,0.010328278218776167
17919.999999999996,0.0029562086344185412
17929.999999999996,0.006202793875036145
17939.999999999996,0.013327217868777538
17949.999999999996,0.011244081350037037
17959.999999999996,0.00573760861252594
17969.999999999996,0.0017762501906759083
17979.999999999996,0.008951174450032788
17989.999999999996,0.017578521137505715
17999.999999999996,0.0213684161469075
18009.999999999996,0.013872469940645244
18019.999999999996,0.0074720989656725505
18029.999999999996,0.010508913834405567
18039.999999999996,0.015476932603172587
18049.999999999996,0.016300367978158176
18059.999999999996,0.008749173334410887
18069.999999999996,0.0018927892875353761
18079.999999999996,3.1854020626269597E-4
18089.999999999996,1.243083625581674E-4
18099.999999999996,9.789284687826685E-4
18109.999999999996,0.003644760512520403
18119.999999999996,0.006204736193797083
18129.999999999996,0.006951557631271038
18139.999999999996,0.007141904837544637
18149.999999999996,0.009416359712520254
18159.999999999996,0.0158382038281445
18169.999999999996,0.02227256537501601
18179.999999999996,0.01793385777190222
18189.999999999996,0.007611945893791007
18199.999999999996,0.0035719235687906776
18209.999999999996,0.012513925840647734
18219.999999999996,0.021206232556272638
18229.999999999996,0.021538369009414263
18239.999999999996,0.016391656940652394
18249.999999999996,0.012867859550033233
18259.999999999996,0.014564474703161055
18269.999999999996,0.016410216603145483
18279.999999999996,0.018269447096912455
18289.999999999996,0.019213413856283508
18299.999999999996,0.019996168175026675
18309.999999999996,0.01592452936566813
18319.999999999996,0.007557560975033076
18329.999999999996,0.0021326656187966343
18339.999999999996,0.006523276418784002
18349.999999999996,0.01192583511877955
18359.999999999996,0.015402153343774204
18369.999999999996,0.017587693331262227
18379.999999999996,0.019112413296903677
18389.999999999996,0.01581673068752705
18399.999999999996,0.011786959350035875
18409.999999999996,0.007959620896917832
18419.999999999996,0.004141994025030722
18429.999999999996,0.002215214150044174
18439.999999999996,0.009841727443779282
18449.999999999996,0.018079639284411527
18459.999999999996,0.021336367890654608
18469.999999999996,0.019402789903148213
18479.999999999996,0.017280267625039848
18489.999999999996,0.013489401450033243
18499.999999999996,0.009850467881290105
18509.999999999996,0.010517654262537226
18519.999999999996,0.01433484936566741
18529.999999999996,0.016462551562528897
18539.999999999996,0.010546789034401616
18549.999999999996,0.0037438187500356385
18559.999999999996,0.003206767703159128
18569.999999999996,0.008357796171901547
18579.999999999996,0.01241821284065735
18589.999999999996,0.011838430790658085
18599.999999999996,0.010679837850034336
18609.999999999996,0.009964093509404384
18619.999999999996,0.009575629821904377
18629.999999999996,0.009356147840651365
18639.999999999996,0.009849496718777564
18649.999999999996,0.010442875000035191
18659.999999999996,0.012133663190661528
18669.999999999996,0.014642706837520322
18679.999999999996,0.015837125025029746
18689.999999999996,0.011195523390642836
18699.999999999996,0.0058900806125393446
18709.999999999996,0.005528809384418305
18719.999999999996,0.009474629265650939
18729.999999999996,0.013476776381276055
18739.999999999996,0.017298827281280165
18749.999999999996,0.02154905176252553
18759.999999999996,0.02377397753127182
18769.999999999996,0.02377397753127182
18779.999999999996,0.0231398105593996
18789.999999999996,0.01835922550316125
18799.999999999996,0.012464828481290612
18809.999999999996,0.010073834500019519
18819.999999999996,0.009884458453154811
18829.999999999996,0.009059944278169488
18839.999999999996,0.005558915321921626
18849.999999999996,0.0017471154062945946
18859.999999999996,8.487931375611873E-4
18869.999999999996,0.002386138178189865
18879.999999999996,0.004603294659409581
18889.999999999996,0.010411797906272103
18899.999999999996,0.016355831687536678
18909.999999999996,0.016359608687537254
18919.999999999996,0.008227660837542308
18929.999999999996,0.0017743078656621927
18939.999999999996,0.00299019920315686
18949.999999999996,0.00549967460316338
18959.999999999996,0.007352646384401844
18969.999999999996,0.008514152806276334
18979.999999999996,0.009181339181282045
18989.999999999996,0.006638844362578304
18999.999999999996,0.0034845192406237364
19009.999999999996,0.0028824005281307997
19019.999999999996,0.009228925984405115
19029.999999999996,0.01567407792190919
19039.999999999996,0.015585594793765251
19049.999999999996,0.010753645946897438
19059.999999999996,0.008641374662533953
19069.999999999996,0.01469223595940433
19079.999999999996,0.02139949324065922
19089.999999999996,0.02278825091564725
19099.999999999996,0.019119211409400788
19109.999999999996,0.01598377007190946
19119.999999999996,0.015824607596908874
19129.999999999996,0.01611347364376455
19139.999999999996,0.016438811987535457
19149.999999999996,0.017954791509413308
19159.999999999996,0.020091341784399204
19169.999999999996,0.019090076628168598
19179.999999999996,0.013064465475031272
19189.999999999996,0.00798584218754285
19199.999999999996,0.005875513218802548
19209.999999999996,0.0043935242625366255
19219.999999999996,0.005180163228146736
19229.999999999996,0.010049555521902665
19239.999999999996,0.014440166318775014
19249.999999999996,0.01100129154691557
19259.999999999996,0.004822776634421183
19269.999999999996,0.0015528835656709805
19279.999999999996,0.004052647381286075
19289.999999999996,0.007046731234402153
19299.999999999996,0.012866456634395708
19309.999999999996,0.019089105471908834
19319.999999999996,0.023008704059401433
19329.999999999996,0.01763085610629103
19339.999999999996,0.011606323734429214
19349.999999999996,0.012702762493779562
19359.999999999996,0.01645197645003121
19369.999999999996,0.019526127115665287
19379.999999999996,0.019462030615653686
19389.999999999996,0.0190386051937878
19399.999999999996,0.01611293424690528
19409.999999999996,0.01163351619691183
19419.999999999996,0.010116565503153641
19429.999999999996,0.01567602024065876
19439.999999999996,0.021805437793790343
19449.999999999996,0.019278913281277687
19459.999999999996,0.008973511112537825
19469.999999999996,0.00253666784691404
19479.999999999996,0.007926601481278786
19489.999999999996,0.014397974709407877
19499.999999999996,0.01572835520005354
19509.999999999996,0.012295846778147268
19519.999999999996,0.01045744238754195
19529.999999999996,0.014946679665655424
19539.999999999996,0.02021467900628407
19549.999999999996,0.022244401756296363
19559.999999999996,0.019983543109407247
19569.999999999996,0.01716372851567483
19579.999999999996,0.010666241618775975
19589.999999999996,0.003963300734415037
19599.999999999996,3.9526178439928077E-4
19609.999999999996,2.0394341879637046E-4
19619.999999999996,4.75867781574379E-5
19629.999999999996,1.7869328130473133E-4
19639.999999999996,3.768097593933814E-4
19649.999999999996,0.004682929709406376
19659.999999999996,0.014055155512522777
19669.999999999996,0.022029775575020928
19679.999999999996,0.019041950431289912
19689.999999999996,0.011407236096920303
19699.999999999996,0.008363623131276646
19709.999999999996,0.01080705970002781
19719.999999999996,0.013040725893790737
19729.999999999996,0.01273383958753128
19739.999999999996,0.011777247759414411
19749.999999999996,0.009558148962537406
19759.999999999996,0.005184047859404467
19769.999999999996,0.0010867271437973599
19779.999999999996,0.0011071214844150736
19789.999999999996,0.002450234678144623
19799.999999999996,0.0029960261625433275
19809.999999999996,0.00189376045003655
19819.999999999996,7.866389469313609E-4
19829.999999999996,4.8557959382833317E-4
19839.999999999996,4.8557959382833317E-4
19849.999999999996,0.0026823417281661914
19859.999999999996,0.009816477306299013
19869.999999999996,0.01644323601878453
19879.999999999996,0.013816142706286868
19889.999999999996,0.0066135942187770455
19899.999999999996,9.575629719392951E-4
19909.999999999996,4.8557959382833317E-4
19919.999999999996,5.496761000586043E-4
19929.999999999996,0.0032184216125415305
19939.999999999996,0.007243876553150123
19949.999999999996,0.011269331490677804
19959.999999999996,0.013205822962561328
19969.999999999996,0.013400054806265858
19979.999999999996,0.013104822396917359
19989.999999999996,0.01033313401566146
19999.999999999996,0.007227366843790143
20009.999999999996,0.011174157890661708
20019.999999999996,0.020018073078148277
20029.999999999996,0.020675008468782587
20039.999999999996,0.012037950193780476
20049.999999999996,0.004000204784426836
20059.999999999996,9.51735938087949E-5
20069.999999999996,2.8940543127191603E-4
20079.999999999996,6.526189781652642E-4
20089.999999999996,0.00206177098439184
20099.999999999996,0.0036467028343849925
20109.999999999996,0.00808004463440283
20119.999999999996,0.014687380162530404
20129.999999999996,0.019415414968779014
20139.999999999996,0.012790598578146715
20149.999999999996,0.004244936906297875
20159.999999999996,0.003440817078160305
20169.999999999996,0.008814241000038685
20179.999999999996,0.012712474084423761
20189.999999999996,0.008472392956286958
20199.999999999996,0.0029892280437593365
20209.999999999996,9.03178056307751E-4
20219.999999999996,0.001680105418802212
20229.999999999996,0.002735755487549338
20239.999999999996,0.005241346259401775
20249.999999999996,0.007950880456280621
20259.999999999996,0.010255441275023706
20269.999999999996,0.012207471287547369
20279.999999999996,0.013267005993793633
20289.999999999996,0.009788313693786667
20299.999999999996,0.0056841948562919185
20309.999999999996,0.00812180447813943
20319.999999999996,0.015389528278154773
20329.999999999996,0.020694431650036885
20339.999999999996,0.01354227581251733
20349.999999999996,0.0042264848750505676
20359.999999999996,4.1759845004207786E-4
20369.999999999996,0.0011993816125368529
20379.999999999996,0.0029581509437889486
20389.999999999996,0.009518331431297601
20399.999999999996,0.016316014162526912
20409.999999999996,0.016935506103163772
20419.999999999996,0.010529308168747763
20429.999999999996,0.005257855959439434
20439.999999999996,0.0036224238531644875
20449.999999999996,0.002457032793790856
20459.999999999996,0.005081104984401459
20469.999999999996,0.010710914943774687
20479.999999999996,0.014508147465687658
20489.999999999996,0.009405676962501264
20499.999999999996,0.0031591809031397094
20509.999999999996,9.32312750592245E-5
20519.999999999996,2.8260731564841966E-4
20529.999999999996,0.001009034418746068
20539.999999999996,0.0
20549.999999999996,0.0
20559.999999999996,0.0
20569.999999999996,0.0
20579.999999999996,0.0
20589.999999999996,0.0
20599.999999999996,0.0
20609.999999999996,0.0
20619.999999999996,0.0
20629.999999999996,0.0
20639.999999999996,0.0
20649.999999999996,0.0
20659.999999999996,0.0
20669.999999999996,0.0
20679.999999999996,0.0
20689.999999999996,0.0
20699.999999999996,0.0
20709.999999999996,0.0
20719.999999999996,0.0
20729.999999999996,0.0
20739.999999999996,0.0
20749.999999999996,0.0
20759.999999999996,0.0
20769.999999999996,0.0
20779.999999999996,0.0
20789.999999999996,0.0
20799.999999999996,0.0
20809.999999999996,0.0
20819.999999999996,0.0
20829.999999999996,0.0
20839.999999999996,0.0
20849.999999999996,0.0
20859.999999999996,0.0
20869.999999999996,0.0
20879.999999999996,0.0
20889.999999999996,0.0
20899.999999999996,0.0
20909.999999999996,0.0
20919.999999999996,0.0
20929.999999999996,0.0
20939.999999999996,0.0
20949.999999999996,0.0
20959.999999999996,0.0
20969.999999999996,0.0
20979.999999999996,0.0
20989.999999999996,0.0
20999.999999999996,0.0
21009.999999999996,0.0
21019.999999999996,0.0
21029.999999999996,0.0
21039.999999999996,0.0
21049.999999999996,0.0
21059.999999999996,0.0
21069.999999999996,0.0
21079.999999999996,0.0
21089.999999999996,0.0
21099.999999999996,0.0
21109.999999999996,0.0
21119.999999999996,0.0
21129.999999999996,0.0
21139.999999999996,0.0
21149.999999999996,0.0
21159.999999999996,0.0
21169.999999999996,0.0
21179.999999999996,0.0
21189.999999999996,0.0
21199.999999999996,0.0
21209.999999999996,0.0
21219.999999999996,0.0
21229.999999999996,0.0
21239.999999999996,0.0
21249.999999999996,0.0
21259.999999999996,0.0
21269.999999999996,0.0
21279.999999999996,0.0
21289.999999999996,0.0
21299.999999999996,0.0
21309.999999999996,0.0
21319.999999999996,0.0
21329.999999999996,0.0
21339.999999999996,0.0
21349.999999999996,0.0
21359.999999999996,0.0
21369.999999999996,0.0
21379.999999999996,0.0
21389.999999999996,0.0
21399.999999999996,0.0
21409.999999999996,0.0
21419.999999999996,0.0
21429.999999999996,0.0
21439.999999999996,0.0
21449.999999999996,0.0
21459.999999999996,0.0
21469.999999999996,0.0
21479.999999999996,0.0
21489.999999999996,0.0
21499.999999999996,0.0
21509.999999999996,0.0
21519.999999999996,0.0
21529.999999999996,0.0
21539.999999999996,0.0
